first_name|gender|origin
Aamir|m|
Aaron|m|
Abbey|m|
Abbie|m|
Abbot|m|
Abbott|m|
Abby|m|
Abdel|m|
Abdul|m|
Abdulkarim|m|
Abdullah|m|
Abe|m|
Abel|m|
Abelard|m|
Abner|m|
Abraham|m|
Abram|m|
Ace|m|
Adair|m|
Adam|m|
Adams|m|
Addie|m|
Adger|m|
Aditya|m|
Adlai|m|
Adnan|m|
Adolf|m|
Adolfo|m|
Adolph|m|
Adolphe|m|
Adolpho|m|
Adolphus|m|
Adrian|m|
Adrick|m|
Adrien|m|
Agamemnon|m|
Aguinaldo|m|
Aguste|m|
Agustin|m|
Aharon|m|
Ahmad|m|
Ahmed|m|
Ahmet|m|
Ajai|m|
Ajay|m|
Al|m|
Alaa|m|
Alain|m|
Alan|m|
Alasdair|m|
Alastair|m|
Albatros|m|
Albert|m|
Alberto|m|
Albrecht|m|
Alden|m|
Aldis|m|
Aldo|m|
Aldric|m|
Aldrich|m|
Aldus|m|
Aldwin|m|
Alec|m|
Aleck|m|
Alejandro|m|
Aleks|m|
Aleksandrs|m|
Alessandro|m|
Alex|m|
Alexander|m|
Alexei|m|
Alexis|m|
Alf|m|
Alfie|m|
Alfonse|m|
Alfonso|m|
Alfonzo|m|
Alford|m|
Alfred|m|
Alfredo|m|
Algernon|m|
Ali|m|
Alic|m|
Alister|m|
Alix|m|
Allah|m|
Allan|m|
Allen|m|
Alley|m|
Allie|m|
Allin|m|
Allyn|m|
Alonso|m|
Alonzo|m|
Aloysius|m|
Alphonse|m|
Alphonso|m|
Alston|m|
Alton|m|
Alvin|m|
Alwin|m|
Amadeus|m|
Ambros|m|
Ambrose|m|
Ambrosi|m|
Ambrosio|m|
Ambrosius|m|
Amery|m|
Amory|m|
Amos|m|
Anatol|m|
Anatole|m|
Anatollo|m|
Anatoly|m|
Anders|m|
Andie|m|
Andonis|m|
Andre|m|
Andrea|m|
Andreas|m|
Andrej|m|
Andres|m|
Andrew|m|
Andrey|m|
Andri|m|
Andros|m|
Andrus|m|
Andrzej|m|
Andy|m|
Angel|m|
Angelico|m|
Angelo|m|
Angie|m|
Angus|m|
Ansel|m|
Ansell|m|
Anselm|m|
Anson|m|
Anthony|m|
Antin|m|
Antoine|m|
Anton|m|
Antone|m|
Antoni|m|
Antonin|m|
Antonino|m|
Antonio|m|
Antonius|m|
Antony|m|
Anurag|m|
Apollo|m|
Apostolos|m|
Aram|m|
Archibald|m|
Archibold|m|
Archie|m|
Archon|m|
Archy|m|
Arel|m|
Ari|m|
Arie|m|
Ariel|m|
Aristotle|m|
Arlo|m|
Armand|m|
Armando|m|
Armond|m|
Armstrong|m|
Arne|m|
Arnie|m|
Arnold|m|
Arnoldo|m|
Aron|m|
Arron|m|
Art|m|
Arther|m|
Arthur|m|
Artie|m|
Artur|m|
Arturo|m|
Arvie|m|
Arvin|m|
Arvind|m|
Arvy|m|
Ash|m|
Ashby|m|
Ashish|m|
Ashley|m|
Ashton|m|
Aub|m|
Aube|m|
Aubert|m|
Aubrey|m|
Augie|m|
August|m|
Augustin|m|
Augustine|m|
Augusto|m|
Augustus|m|
Austen|m|
Austin|m|
Ave|m|
Averell|m|
Averil|m|
Averill|m|
Avery|m|
Avi|m|
Avraham|m|
Avram|m|
Avrom|m|
Axel|m|
Aylmer|m|
Aziz|m|
Bailey|m|
Bailie|m|
Baillie|m|
Baily|m|
Baird|m|
Baldwin|m|
Bancroft|m|
Barbabas|m|
Barclay|m|
Bard|m|
Barde|m|
Barn|m|
Barnabas|m|
Barnabe|m|
Barnaby|m|
Barnard|m|
Barnebas|m|
Barnett|m|
Barney|m|
Barnie|m|
Barny|m|
Baron|m|
Barr|m|
Barret|m|
Barrett|m|
Barri|m|
Barrie|m|
Barris|m|
Barron|m|
Barry|m|
Bart|m|
Bartel|m|
Barth|m|
Barthel|m|
Bartholemy|m|
Bartholomeo|m|
Bartholomeus|m|
Bartholomew|m|
Bartie|m|
Bartlet|m|
Bartlett|m|
Bartolemo|m|
Bartolomei|m|
Bartolomeo|m|
Barton|m|
Barty|m|
Bary|m|
Basil|m|
Batholomew|m|
Baxter|m|
Bay|m|
Bayard|m|
Beale|m|
Bealle|m|
Bear|m|
Bearnard|m|
Beau|m|
Beaufort|m|
Beauregard|m|
Beck|m|
Bela|m|
Ben|m|
Benedict|m|
Bengt|m|
Benito|m|
Benjamen|m|
Benjamin|m|
Benji|m|
Benjie|m|
Benjy|m|
Benn|m|
Bennet|m|
Bennett|m|
Bennie|m|
Benny|m|
Benson|m|
Bentley|m|
Benton|m|
Beowulf|m|
Berchtold|m|
Berk|m|
Berke|m|
Berkeley|m|
Berkie|m|
Berkley|m|
Bernard|m|
Bernardo|m|
Bernd|m|
Bernhard|m|
Bernie|m|
Bert|m|
Bertie|m|
Bertram|m|
Bertrand|m|
Bharat|m|
Biff|m|
Bill|m|
Billie|m|
Billy|m|
Bing|m|
Binky|m|
Bishop|m|
Bjorn|m|
Bjorne|m|
Blaine|m|
Blair|m|
Blake|m|
Blare|m|
Blayne|m|
Bo|m|
Bob|m|
Bobbie|m|
Bobby|m|
Bogart|m|
Bogdan|m|
Boniface|m|
Boris|m|
Boyce|m|
Boyd|m|
Brad|m|
Braden|m|
Bradford|m|
Bradley|m|
Bradly|m|
Brady|m|
Brandon|m|
Brandy|m|
Brant|m|
Brendan|m|
Brent|m|
Bret|m|
Brett|m|
Brewer|m|
Brewster|m|
Brian|m|
Brice|m|
Briggs|m|
Brinkley|m|
Britt|m|
Brock|m|
Broddie|m|
Broddy|m|
Broderic|m|
Broderick|m|
Brodie|m|
Brody|m|
Bronson|m|
Brook|m|
Brooke|m|
Brooks|m|
Bruce|m|
Bruno|m|
Bryan|m|
Bryant|m|
Bryce|m|
Bryn|m|
Bryon|m|
Bubba|m|
Buck|m|
Bucky|m|
Bud|m|
Buddy|m|
Burgess|m|
Burke|m|
Burl|m|
Burnaby|m|
Burt|m|
Burton|m|
Buster|m|
Butch|m|
Butler|m|
Byram|m|
Byron|m|
Caesar|m|
Cain|m|
Cal|m|
Caldwell|m|
Caleb|m|
Calhoun|m|
Calvin|m|
Cam|m|
Cameron|m|
Cammy|m|
Carey|m|
Carl|m|
Carleigh|m|
Carlie|m|
Carlin|m|
Carlo|m|
Carlos|m|
Carlton|m|
Carlyle|m|
Carmine|m|
Carroll|m|
Carson|m|
Carsten|m|
Carter|m|
Cary|m|
Caryl|m|
Case|m|
Casey|m|
Caspar|m|
Casper|m|
Cass|m|
Cat|m|
Cecil|m|
Cesar|m|
Chad|m|
Chadd|m|
Chaddie|m|
Chaddy|m|
Chadwick|m|
Chaim|m|
Chalmers|m|
Chan|m|
Chance|m|
Chancey|m|
Chanderjit|m|
Chandler|m|
Chane|m|
Chariot|m|
Charles|m|
Charleton|m|
Charley|m|
Charlie|m|
Charlton|m|
Chas|m|
Chase|m|
Chaunce|m|
Chauncey|m|
Che|m|
Chelton|m|
Chen|m|
Chester|m|
Cheston|m|
Chet|m|
Chev|m|
Chevalier|m|
Chevy|m|
Chip|m|
Chris|m|
Chrissy|m|
Christ|m|
Christian|m|
Christiano|m|
Christie|m|
Christof|m|
Christofer|m|
Christoph|m|
Christophe|m|
Christopher|m|
Christorpher|m|
Christos|m|
Christy|m|
Chrisy|m|
Chuck|m|
Churchill|m|
Clair|m|
Claire|m|
Clancy|m|
Clarance|m|
Clare|m|
Clarence|m|
Clark|m|
Clarke|m|
Claude|m|
Claudio|m|
Claudius|m|
Claus|m|
Clay|m|
Clayborn|m|
Clayborne|m|
Claybourne|m|
Clayton|m|
Cleland|m|
Clem|m|
Clemens|m|
Clement|m|
Clemente|m|
Clemmie|m|
Cletus|m|
Cleveland|m|
Cliff|m|
Clifford|m|
Clifton|m|
Clint|m|
Clinten|m|
Clinton|m|
Clive|m|
Clyde|m|
Cob|m|
Cobb|m|
Cobbie|m|
Cobby|m|
Cody|m|
Colbert|m|
Cole|m|
Coleman|m|
Colin|m|
Collin|m|
Collins|m|
Conan|m|
Connie|m|
Connolly|m|
Connor|m|
Conrad|m|
Conroy|m|
Constantin|m|
Constantine|m|
Constantinos|m|
Conway|m|
Cooper|m|
Corbin|m|
Corby|m|
Corey|m|
Corky|m|
Cornelius|m|
Cornellis|m|
Corrie|m|
Cortese|m|
Corwin|m|
Cory|m|
Cosmo|m|
Costa|m|
Courtney|m|
Craig|m|
Crawford|m|
Creighton|m|
Cris|m|
Cristopher|m|
Curt|m|
Curtice|m|
Curtis|m|
Cy|m|
Cyril|m|
Cyrill|m|
Cyrille|m|
Cyrillus|m|
Cyrus|m|
Dabney|m|
Daffy|m|
Dale|m|
Dallas|m|
Dalton|m|
Damian|m|
Damien|m|
Damon|m|
Dan|m|
Dana|m|
Dane|m|
Dani|m|
Danie|m|
Daniel|m|
Dannie|m|
Danny|m|
Dante|m|
Darby|m|
Darcy|m|
Daren|m|
Darian|m|
Darien|m|
Darin|m|
Dario|m|
Darius|m|
Darrel|m|
Darrell|m|
Darren|m|
Darrick|m|
Darrin|m|
Darryl|m|
Darth|m|
Darwin|m|
Daryl|m|
Daryle|m|
Dave|m|
Davey|m|
David|m|
Davidde|m|
Davide|m|
Davidson|m|
Davie|m|
Davin|m|
Davis|m|
Davon|m|
Davoud|m|
Davy|m|
Dawson|m|
Dean|m|
Deane|m|
Del|m|
Delbert|m|
Dell|m|
Delmar|m|
Demetre|m|
Demetri|m|
Demetris|m|
Demetrius|m|
Demosthenis|m|
Denis|m|
Dennie|m|
Dennis|m|
Denny|m|
Derby|m|
Derek|m|
Derick|m|
Derk|m|
Derrek|m|
Derrick|m|
Derrin|m|
Derrol|m|
Derron|m|
Deryl|m|
Desmond|m|
Desmund|m|
Devin|m|
Devon|m|
Dewey|m|
Dewitt|m|
Dexter|m|
Dick|m|
Dickey|m|
Dickie|m|
Diego|m|
Dieter|m|
Dietrich|m|
Dillon|m|
Dimitri|m|
Dimitrios|m|
Dimitris|m|
Dimitrou|m|
Dimitry|m|
Dino|m|
Dion|m|
Dionis|m|
Dionysus|m|
Dirk|m|
Dmitri|m|
Dom|m|
Domenic|m|
Domenico|m|
Dominic|m|
Dominick|m|
Dominique|m|
Don|m|
Donal|m|
Donald|m|
Donn|m|
Donnie|m|
Donny|m|
Donovan|m|
Dorian|m|
Dory|m|
Doug|m|
Douggie|m|
Dougie|m|
Douglas|m|
Douglass|m|
Douglis|m|
Dov|m|
Doyle|m|
Drake|m|
Drew|m|
Dru|m|
Dryke|m|
Duane|m|
Dudley|m|
Duffie|m|
Duffy|m|
Dugan|m|
Duke|m|
Dunc|m|
Duncan|m|
Dunstan|m|
Durand|m|
Durant|m|
Durante|m|
Durward|m|
Dustin|m|
Dwain|m|
Dwaine|m|
Dwane|m|
Dwayne|m|
Dwight|m|
Dylan|m|
Dyson|m|
Earl|m|
Earle|m|
Easton|m|
Eben|m|
Ebeneser|m|
Ebenezer|m|
Eberhard|m|
Ed|m|
Eddie|m|
Eddy|m|
Edgar|m|
Edgardo|m|
Edie|m|
Edmond|m|
Edmund|m|
Edouard|m|
Edsel|m|
Eduard|m|
Eduardo|m|
Edward|m|
Edwin|m|
Efram|m|
Egbert|m|
Ehud|m|
Elbert|m|
Elden|m|
Eldon|m|
Eli|m|
Elias|m|
Elihu|m|
Elijah|m|
Eliot|m|
Eliott|m|
Elisha|m|
Elliot|m|
Elliott|m|
Ellis|m|
Ellsworth|m|
Ellwood|m|
Elmer|m|
Elmore|m|
Elnar|m|
Elric|m|
Elroy|m|
Elton|m|
Elvin|m|
Elvis|m|
Elwin|m|
Elwood|m|
Elwyn|m|
Ely|m|
Emanuel|m|
Emerson|m|
Emery|m|
Emil|m|
Emile|m|
Emilio|m|
Emmanuel|m|
Emmery|m|
Emmet|m|
Emmett|m|
Emmit|m|
Emmott|m|
Emmy|m|
Emory|m|
Ender|m|
Engelbart|m|
Engelbert|m|
Englebart|m|
Englebert|m|
Enoch|m|
Enrico|m|
Enrique|m|
Ephraim|m|
Ephram|m|
Ephrayim|m|
Ephrem|m|
Er|m|
Erasmus|m|
Erastus|m|
Erek|m|
Erhard|m|
Erhart|m|
Eric|m|
Erich|m|
Erick|m|
Erik|m|
Erin|m|
Erl|m|
Ernest|m|
Ernesto|m|
Ernie|m|
Ernst|m|
Erny|m|
Errol|m|
Ervin|m|
Erwin|m|
Esau|m|
Esme|m|
Esteban|m|
Ethan|m|
Ethelbert|m|
Ethelred|m|
Etienne|m|
Euclid|m|
Eugen|m|
Eugene|m|
Eustace|m|
Ev|m|
Evan|m|
Evelyn|m|
Everard|m|
Everett|m|
Ewan|m|
Ewart|m|
Ez|m|
Ezechiel|m|
Ezekiel|m|
Ezra|m|
Fabian|m|
Fabio|m|
Fairfax|m|
Farley|m|
Fazeel|m|
Federico|m|
Felice|m|
Felicio|m|
Felipe|m|
Felix|m|
Ferd|m|
Ferdie|m|
Ferdinand|m|
Ferdy|m|
Fergus|m|
Ferguson|m|
Ferinand|m|
Fernando|m|
Fidel|m|
Filbert|m|
Filip|m|
Filipe|m|
Filmore|m|
Finley|m|
Finn|m|
Fitz|m|
Fitzgerald|m|
Flem|m|
Fleming|m|
Flemming|m|
Fletch|m|
Fletcher|m|
Flin|m|
Flinn|m|
Flint|m|
Flipper|m|
Florian|m|
Floyd|m|
Flynn|m|
Fons|m|
Fonsie|m|
Fonz|m|
Fonzie|m|
Forbes|m|
Ford|m|
Forest|m|
Forester|m|
Forrest|m|
Forrester|m|
Forster|m|
Foster|m|
Fowler|m|
Fox|m|
Fran|m|
Francesco|m|
Francis|m|
Francisco|m|
Francois|m|
Frank|m|
Frankie|m|
Franklin|m|
Franklyn|m|
Franky|m|
Frans|m|
Franz|m|
Fraser|m|
Frazier|m|
Fred|m|
Freddie|m|
Freddy|m|
Frederic|m|
Frederich|m|
Frederick|m|
Frederico|m|
Frederik|m|
Fredric|m|
Fredrick|m|
Freeman|m|
Freemon|m|
Fremont|m|
French|m|
Friedric|m|
Friedrich|m|
Friedrick|m|
Fritz|m|
Fulton|m|
Fyodor|m|
Gabe|m|
Gabriel|m|
Gabriele|m|
Gabriell|m|
Gabriello|m|
Gail|m|
Gale|m|
Galen|m|
Gallagher|m|
Gamaliel|m|
Garcia|m|
Garcon|m|
Gardener|m|
Gardiner|m|
Gardner|m|
Garey|m|
Garfield|m|
Garfinkel|m|
Garold|m|
Garp|m|
Garret|m|
Garrett|m|
Garrot|m|
Garrott|m|
Garry|m|
Garth|m|
Garv|m|
Garvey|m|
Garvin|m|
Garvy|m|
Garwin|m|
Garwood|m|
Gary|m|
Gaspar|m|
Gasper|m|
Gaston|m|
Gav|m|
Gaven|m|
Gavin|m|
Gavriel|m|
Gay|m|
Gayle|m|
Gearard|m|
Gene|m|
Geo|m|
Geof|m|
Geoff|m|
Geoffrey|m|
Geoffry|m|
Georg|m|
George|m|
Georges|m|
Georgia|m|
Georgie|m|
Georgy|m|
Gerald|m|
Geraldo|m|
Gerard|m|
Gere|m|
Gerhard|m|
Gerhardt|m|
Geri|m|
Germaine|m|
Gerold|m|
Gerome|m|
Gerrard|m|
Gerri|m|
Gerrit|m|
Gerry|m|
Gershom|m|
Gershon|m|
Giacomo|m|
Gian|m|
Giancarlo|m|
Giavani|m|
Gibb|m|
Gideon|m|
Giff|m|
Giffard|m|
Giffer|m|
Giffie|m|
Gifford|m|
Giffy|m|
Gil|m|
Gilbert|m|
Gilberto|m|
Gilburt|m|
Giles|m|
Gill|m|
Gilles|m|
Ginger|m|
Gino|m|
Giordano|m|
Giorgi|m|
Giorgio|m|
Giovanne|m|
Giovanni|m|
Giraldo|m|
Giraud|m|
Giuseppe|m|
Glen|m|
Glenn|m|
Glynn|m|
Godard|m|
Godart|m|
Goddard|m|
Goddart|m|
Godfree|m|
Godfrey|m|
Godfry|m|
Godwin|m|
Gomer|m|
Gonzales|m|
Gonzalo|m|
Goober|m|
Goose|m|
Gordan|m|
Gordie|m|
Gordon|m|
Grace|m|
Grady|m|
Graehme|m|
Graeme|m|
Graham|m|
Graig|m|
Grant|m|
Granville|m|
Greg|m|
Gregg|m|
Greggory|m|
Gregor|m|
Gregorio|m|
Gregory|m|
Gretchen|m|
Griff|m|
Griffin|m|
Griffith|m|
Griswold|m|
Grove|m|
Grover|m|
Guido|m|
Guillaume|m|
Guillermo|m|
Gunner|m|
Gunter|m|
Gunther|m|
Gus|m|
Gustaf|m|
Gustav|m|
Gustave|m|
Gustavo|m|
Gustavus|m|
Guthrey|m|
Guthrie|m|
Guthry|m|
Guy|m|
Hadleigh|m|
Hadley|m|
Hadrian|m|
Hagan|m|
Hagen|m|
Hailey|m|
Hakeem|m|
Hakim|m|
Hal|m|
Hale|m|
Haleigh|m|
Haley|m|
Hall|m|
Hallam|m|
Halvard|m|
Ham|m|
Hamel|m|
Hamid|m|
Hamil|m|
Hamilton|m|
Hamish|m|
Hamlen|m|
Hamlet|m|
Hamlin|m|
Hammad|m|
Hamnet|m|
Han|m|
Hanan|m|
Hanford|m|
Hank|m|
Hannibal|m|
Hans|m|
Hans-Peter|m|
Hansel|m|
Hanson|m|
Harald|m|
Harcourt|m|
Hari|m|
Harlan|m|
Harland|m|
Harley|m|
Harlin|m|
Harman|m|
Harmon|m|
Harold|m|
Harris|m|
Harrison|m|
Harrold|m|
Harry|m|
Hart|m|
Hartley|m|
Hartwell|m|
Harv|m|
Harvard|m|
Harvey|m|
Harvie|m|
Harwell|m|
Hasheem|m|
Hashim|m|
Haskel|m|
Haskell|m|
Hassan|m|
Hastings|m|
Hasty|m|
Haven|m|
Hayden|m|
Haydon|m|
Hayes|m|
Hayward|m|
Haywood|m|
Hazel|m|
Heath|m|
Heathcliff|m|
Hebert|m|
Hector|m|
Heinrich|m|
Heinz|m|
Helmuth|m|
Henderson|m|
Hendrick|m|
Hendrik|m|
Henri|m|
Henrie|m|
Henrik|m|
Henrique|m|
Henry|m|
Herb|m|
Herbert|m|
Herbie|m|
Herby|m|
Hercule|m|
Hercules|m|
Herculie|m|
Herman|m|
Hermann|m|
Hermon|m|
Hermy|m|
Hernando|m|
Herold|m|
Herrick|m|
Herrmann|m|
Hersch|m|
Herschel|m|
Hersh|m|
Hershel|m|
Herve|m|
Hervey|m|
Hew|m|
Hewe|m|
Hewet|m|
Hewett|m|
Hewie|m|
Hewitt|m|
Heywood|m|
Hezekiah|m|
Higgins|m|
Hilary|m|
Hilbert|m|
Hill|m|
Hillard|m|
Hillary|m|
Hillel|m|
Hillery|m|
Hilliard|m|
Hilton|m|
Hiralal|m|
Hiram|m|
Hiro|m|
Hirsch|m|
Hobart|m|
Hodge|m|
Hogan|m|
Hollis|m|
Holly|m|
Homer|m|
Horace|m|
Horacio|m|
Horatio|m|
Horatius|m|
Horst|m|
Howard|m|
Howie|m|
Hoyt|m|
Hubert|m|
Hudson|m|
Huey|m|
Hugh|m|
Hugo|m|
Humbert|m|
Humphrey|m|
Hunt|m|
Hunter|m|
Huntington|m|
Huntlee|m|
Huntley|m|
Hurley|m|
Husain|m|
Husein|m|
Hussein|m|
Hy|m|
Hyatt|m|
Hyman|m|
Hymie|m|
Iago|m|
Iain|m|
Ian|m|
Ibrahim|m|
Ichabod|m|
Iggie|m|
Iggy|m|
Ignace|m|
Ignacio|m|
Ignacius|m|
Ignatius|m|
Ignaz|m|
Ignazio|m|
Igor|m|
Ike|m|
Ikey|m|
Immanuel|m|
Ingamar|m|
Ingelbert|m|
Ingemar|m|
Inglebert|m|
Ingmar|m|
Ingram|m|
Inigo|m|
Ira|m|
Irvin|m|
Irvine|m|
Irving|m|
Irwin|m|
Isa|m|
Isaac|m|
Isaak|m|
Isador|m|
Isadore|m|
Isaiah|m|
Ishmael|m|
Isidore|m|
Ismail|m|
Israel|m|
Istvan|m|
Ivan|m|
Ivor|m|
Izaak|m|
Izak|m|
Izzy|m|
Jabez|m|
Jack|m|
Jackie|m|
Jackson|m|
Jacob|m|
Jacques|m|
Jae|m|
Jaime|m|
Jake|m|
Jakob|m|
James|m|
Jameson|m|
Jamey|m|
Jamie|m|
Jan|m|
Janos|m|
Janus|m|
Jared|m|
Jarrett|m|
Jarvis|m|
Jason|m|
Jasper|m|
Javier|m|
Jay|m|
Jean|m|
Jean-Christophe|m|
Jean-Francois|m|
Jean-Lou|m|
Jean-Luc|m|
Jean-Marc|m|
Jean-Paul|m|
Jean-Pierre|m|
Jeb|m|
Jed|m|
Jedediah|m|
Jef|m|
Jeff|m|
Jefferey|m|
Jefferson|m|
Jeffery|m|
Jeffie|m|
Jeffrey|m|
Jeffry|m|
Jefry|m|
Jehu|m|
Jennings|m|
Jens|m|
Jephthah|m|
Jerald|m|
Jeramie|m|
Jere|m|
Jereme|m|
Jeremiah|m|
Jeremias|m|
Jeremie|m|
Jeremy|m|
Jermain|m|
Jermaine|m|
Jermayne|m|
Jerold|m|
Jerome|m|
Jeromy|m|
Jerri|m|
Jerrie|m|
Jerrold|m|
Jerrome|m|
Jerry|m|
Jervis|m|
Jerzy|m|
Jess|m|
Jesse|m|
Jessee|m|
Jessey|m|
Jessie|m|
Jesus|m|
Jeth|m|
Jethro|m|
Jim|m|
Jimbo|m|
Jimmie|m|
Jimmy|m|
Jo|m|
Joab|m|
Joachim|m|
Joao|m|
Joaquin|m|
Job|m|
Jock|m|
Jodi|m|
Jodie|m|
Jody|m|
Joe|m|
Joel|m|
Joey|m|
Johan|m|
Johann|m|
Johannes|m|
John|m|
John-David|m|
John-Patrick|m|
Johnathan|m|
Johnathon|m|
Johnnie|m|
Johnny|m|
Johny|m|
Jon|m|
Jonah|m|
Jonas|m|
Jonathan|m|
Jonathon|m|
Jonny|m|
Jordan|m|
Jordon|m|
Jordy|m|
Jorge|m|
Jory|m|
Jose|m|
Josef|m|
Joseph|m|
Josephus|m|
Josh|m|
Joshua|m|
Joshuah|m|
Josiah|m|
Jotham|m|
Juan|m|
Juanita|m|
Jud|m|
Judah|m|
Judas|m|
Judd|m|
Jude|m|
Judith|m|
Judson|m|
Judy|m|
Juergen|m|
Jule|m|
Jules|m|
Julian|m|
Julie|m|
Julio|m|
Julius|m|
Justin|m|
Justis|m|
Kaiser|m|
Kaleb|m|
Kalil|m|
Kalle|m|
Kalman|m|
Kalvin|m|
Kam|m|
Kane|m|
Kareem|m|
Karel|m|
Karim|m|
Karl|m|
Karsten|m|
Kaspar|m|
Keefe|m|
Keenan|m|
Keene|m|
Keil|m|
Keith|m|
Kellen|m|
Kelley|m|
Kelly|m|
Kelsey|m|
Kelvin|m|
Kelwin|m|
Ken|m|
Kendal|m|
Kendall|m|
Kendrick|m|
Kenn|m|
Kennedy|m|
Kenneth|m|
Kenny|m|
Kent|m|
Kenton|m|
Kenyon|m|
Kermie|m|
Kermit|m|
Kerry|m|
Kevan|m|
Kevin|m|
Kim|m|
Kimball|m|
Kimmo|m|
Kin|m|
Kincaid|m|
King|m|
Kingsley|m|
Kingsly|m|
Kingston|m|
Kip|m|
Kirby|m|
Kirk|m|
Kit|m|
Klaus|m|
Klee|m|
Knox|m|
Konrad|m|
Konstantin|m|
Kory|m|
Kostas|m|
Kraig|m|
Kris|m|
Krishna|m|
Kristian|m|
Kristopher|m|
Kristos|m|
Kurt|m|
Kurtis|m|
Kyle|m|
Laird|m|
Lamar|m|
Lambert|m|
Lamont|m|
Lance|m|
Lancelot|m|
Lane|m|
Langston|m|
Lanny|m|
Larry|m|
Lars|m|
Laurance|m|
Lauren|m|
Laurence|m|
Laurens|m|
Laurent|m|
Laurie|m|
Lawerence|m|
Lawrence|m|
Lawson|m|
Lawton|m|
Lay|m|
Layton|m|
Lazar|m|
Lazare|m|
Lazaro|m|
Lazarus|m|
Lazlo|m|
Lee|m|
Lefty|m|
Leif|m|
Leigh|m|
Leighton|m|
Leland|m|
Lem|m|
Lemar|m|
Lemmie|m|
Lemmy|m|
Lemuel|m|
Len|m|
Lenard|m|
Lennie|m|
Lenny|m|
Leo|m|
Leon|m|
Leonard|m|
Leonardo|m|
Leonerd|m|
Leonhard|m|
Leonid|m|
Leonidas|m|
Leopold|m|
Leroy|m|
Les|m|
Lesley|m|
Leslie|m|
Lester|m|
Lev|m|
Levi|m|
Levin|m|
Levon|m|
Levy|m|
Lew|m|
Lewis|m|
Lex|m|
Liam|m|
Lin|m|
Lincoln|m|
Lind|m|
Lindsay|m|
Lindsey|m|
Lindy|m|
Linoel|m|
Linus|m|
Lion|m|
Lionel|m|
Lionello|m|
Llewellyn|m|
Lloyd|m|
Locke|m|
Lockwood|m|
Logan|m|
Lon|m|
Lonnie|m|
Lonny|m|
Loren|m|
Lorenzo|m|
Lorne|m|
Lorrie|m|
Lothar|m|
Lou|m|
Louie|m|
Louis|m|
Lovell|m|
Lowell|m|
Lucas|m|
Luce|m|
Lucian|m|
Luciano|m|
Lucien|m|
Lucio|m|
Lucius|m|
Ludvig|m|
Ludwig|m|
Luigi|m|
Luis|m|
Lukas|m|
Luke|m|
Luther|m|
Lyle|m|
Lyn|m|
Lyndon|m|
Lynn|m|
Mac|m|
Mace|m|
Mack|m|
Mackenzie|m|
Maddie|m|
Maddy|m|
Madison|m|
Magnum|m|
Magnus|m|
Mahesh|m|
Mahmoud|m|
Mahmud|m|
Maison|m|
Major|m|
Malcolm|m|
Manfred|m|
Manish|m|
Manny|m|
Manuel|m|
Marc|m|
Marcel|m|
Marcello|m|
Marcellus|m|
Marcelo|m|
Marchall|m|
Marcio|m|
Marco|m|
Marcos|m|
Marcus|m|
Marietta|m|
Marilu|m|
Mario|m|
Marion|m|
Marius|m|
Mark|m|
Marko|m|
Markos|m|
Markus|m|
Marlin|m|
Marlo|m|
Marlon|m|
Marlow|m|
Marlowe|m|
Marmaduke|m|
Marsh|m|
Marshal|m|
Marshall|m|
Mart|m|
Martainn|m|
Marten|m|
Martie|m|
Martin|m|
Martino|m|
Marty|m|
Martyn|m|
Marv|m|
Marve|m|
Marven|m|
Marvin|m|
Marwin|m|
Mason|m|
Mateo|m|
Mathew|m|
Mathias|m|
Matias|m|
Matt|m|
Matteo|m|
Matthaeus|m|
Mattheus|m|
Matthew|m|
Matthias|m|
Matthieu|m|
Matthiew|m|
Matthus|m|
Mattias|m|
Mattie|m|
Matty|m|
Maurice|m|
Mauricio|m|
Maurie|m|
Maurise|m|
Maurits|m|
Mauritz|m|
Maury|m|
Max|m|
Maxfield|m|
Maxie|m|
Maxim|m|
Maximilian|m|
Maximilien|m|
Maxwell|m|
Mayer|m|
Maynard|m|
Maynord|m|
Mayor|m|
Mead|m|
Meade|m|
Meier|m|
Meir|m|
Mel|m|
Melvin|m|
Melvyn|m|
Menard|m|
Mendel|m|
Mendie|m|
Meredeth|m|
Meredith|m|
Merell|m|
Merill|m|
Merle|m|
Merlin|m|
Merrel|m|
Merrick|m|
Merril|m|
Merrill|m|
Merry|m|
Merv|m|
Mervin|m|
Merwin|m|
Meryl|m|
Meyer|m|
Mic|m|
Micah|m|
Michael|m|
Michail|m|
Michal|m|
Michale|m|
Micheal|m|
Micheil|m|
Michel|m|
Michele|m|
Mick|m|
Mickey|m|
Mickie|m|
Micky|m|
Miguel|m|
Mika|m|
Mikael|m|
Mike|m|
Mikel|m|
Mikey|m|
Mikhail|m|
Miles|m|
Millicent|m|
Milo|m|
Milt|m|
Milton|m|
Mischa|m|
Mitch|m|
Mitchael|m|
Mitchel|m|
Mitchell|m|
Moe|m|
Mohamad|m|
Mohamed|m|
Mohammad|m|
Mohammed|m|
Mohan|m|
Moise|m|
Moises|m|
Moishe|m|
Monroe|m|
Montague|m|
Monte|m|
Montgomery|m|
Monty|m|
Moore|m|
Mordecai|m|
Morgan|m|
Morlee|m|
Morley|m|
Morly|m|
Morrie|m|
Morris|m|
Morry|m|
Morse|m|
Mort|m|
Morten|m|
Mortie|m|
Mortimer|m|
Morton|m|
Morty|m|
Mose|m|
Moses|m|
Moshe|m|
Moss|m|
Muffin|m|
Mugsy|m|
Muhammad|m|
Munmro|m|
Munroe|m|
Murdoch|m|
Murdock|m|
Murphy|m|
Murray|m|
Mustafa|m|
Myke|m|
Myles|m|
Mylo|m|
Myron|m|
Nahum|m|
Napoleon|m|
Nat|m|
Natale|m|
Nate|m|
Nathan|m|
Nathanael|m|
Nathanial|m|
Nathaniel|m|
Nathanil|m|
Neal|m|
Neale|m|
Neall|m|
Nealon|m|
Nealson|m|
Nealy|m|
Ned|m|
Neddie|m|
Neddy|m|
Neel|m|
Neil|m|
Nels|m|
Nelsen|m|
Nelson|m|
Nero|m|
Neron|m|
Nester|m|
Nestor|m|
Nev|m|
Nevil|m|
Nevile|m|
Neville|m|
Nevin|m|
Nevins|m|
Newton|m|
Niall|m|
Niccolo|m|
Nicholas|m|
Nichole|m|
Nichols|m|
Nick|m|
Nickey|m|
Nickie|m|
Nickolas|m|
Nicky|m|
Nico|m|
Nicolas|m|
Niels|m|
Nigel|m|
Niki|m|
Nikita|m|
Nikki|m|
Nikolai|m|
Nikos|m|
Niles|m|
Nils|m|
Nilson|m|
Niven|m|
Noach|m|
Noah|m|
Noam|m|
Noble|m|
Noe|m|
Noel|m|
Nolan|m|
Noland|m|
Norbert|m|
Norm|m|
Norman|m|
Normand|m|
Normie|m|
Norris|m|
Northrop|m|
Northrup|m|
Norton|m|
Norwood|m|
Nunzio|m|
Obadiah|m|
Obadias|m|
Oberon|m|
Obie|m|
Octavius|m|
Odell|m|
Odie|m|
Odin|m|
Odysseus|m|
Olaf|m|
Olag|m|
Ole|m|
Oleg|m|
Olin|m|
Oliver|m|
Olivier|m|
Olle|m|
Ollie|m|
Omar|m|
Oral|m|
Oran|m|
Orazio|m|
Orbadiah|m|
Oren|m|
Orin|m|
Orion|m|
Orlando|m|
Orren|m|
Orrin|m|
Orson|m|
Orton|m|
Orville|m|
Osbert|m|
Osborn|m|
Osborne|m|
Osbourn|m|
Osbourne|m|
Oscar|m|
Osgood|m|
Osmond|m|
Osmund|m|
Ossie|m|
Oswald|m|
Oswell|m|
Otes|m|
Othello|m|
Otho|m|
Otis|m|
Otto|m|
Owen|m|
Ozzie|m|
Ozzy|m|
Pablo|m|
Pace|m|
Paco|m|
Paddie|m|
Paddy|m|
Padraig|m|
Page|m|
Paige|m|
Pail|m|
Palmer|m|
Paolo|m|
Park|m|
Parke|m|
Parker|m|
Parnell|m|
Parrnell|m|
Parry|m|
Parsifal|m|
Partha|m|
Pascal|m|
Pascale|m|
Pasquale|m|
Pat|m|
Pate|m|
Patel|m|
Paten|m|
Patin|m|
Paton|m|
Patric|m|
Patrice|m|
Patricio|m|
Patrick|m|
Patrik|m|
Patsy|m|
Pattie|m|
Patty|m|
Paul|m|
Paulo|m|
Pavel|m|
Pearce|m|
Pedro|m|
Peirce|m|
Pembroke|m|
Pen|m|
Penn|m|
Pennie|m|
Penny|m|
Penrod|m|
Pepe|m|
Pepillo|m|
Pepito|m|
Perceval|m|
Percival|m|
Percy|m|
Perry|m|
Pete|m|
Peter|m|
Petey|m|
Petr|m|
Peyter|m|
Peyton|m|
Phil|m|
Philbert|m|
Philip|m|
Phillip|m|
Phillipe|m|
Phillipp|m|
Phineas|m|
Phip|m|
Pierce|m|
Pierre|m|
Pierson|m|
Piet|m|
Pieter|m|
Pietro|m|
Piggy|m|
Pincas|m|
Pinchas|m|
Pincus|m|
Piotr|m|
Pip|m|
Plato|m|
Pooh|m|
Porter|m|
Poul|m|
Powell|m|
Praneetf|m|
Prasad|m|
Prasun|m|
Prent|m|
Prentice|m|
Prentiss|m|
Prescott|m|
Preston|m|
Price|m|
Prince|m|
Pryce|m|
Puff|m|
Purcell|m|
Putnam|m|
Pyotr|m|
Quent|m|
Quentin|m|
Quiggly|m|
Quigly|m|
Quigman|m|
Quill|m|
Quillan|m|
Quincey|m|
Quincy|m|
Quinlan|m|
Quinn|m|
Quint|m|
Quintin|m|
Quinton|m|
Quintus|m|
Rab|m|
Rabbi|m|
Rabi|m|
Rad|m|
Radcliffe|m|
Rafael|m|
Rafe|m|
Ragnar|m|
Raimund|m|
Rainer|m|
Raj|m|
Rajeev|m|
Raleigh|m|
Ralf|m|
Ralph|m|
Ram|m|
Ramesh|m|
Ramon|m|
Ramsay|m|
Ramsey|m|
Rand|m|
Randal|m|
Randall|m|
Randell|m|
Randi|m|
Randie|m|
Randolf|m|
Randolph|m|
Randy|m|
Ransell|m|
Ransom|m|
Raoul|m|
Raphael|m|
Raul|m|
Ravi|m|
Ravil|m|
Rawley|m|
Ray|m|
Raymond|m|
Raymund|m|
Raymundo|m|
Raynard|m|
Rayner|m|
Raynor|m|
Reagan|m|
Red|m|
Redford|m|
Redmond|m|
Reece|m|
Reed|m|
Rees|m|
Reese|m|
Reg|m|
Regan|m|
Regen|m|
Reggie|m|
Reggis|m|
Reggy|m|
Reginald|m|
Reginauld|m|
Reid|m|
Reilly|m|
Reinhard|m|
Reinhold|m|
Rem|m|
Remington|m|
Remus|m|
Renado|m|
Renaldo|m|
Renard|m|
Renato|m|
Renaud|m|
Renault|m|
Rene|m|
Reube|m|
Reuben|m|
Reuven|m|
Rex|m|
Rey|m|
Reynard|m|
Reynold|m|
Reynolds|m|
Reza|m|
Rhett|m|
Ric|m|
Ricard|m|
Ricardo|m|
Riccardo|m|
Rice|m|
Rich|m|
Richard|m|
Richardo|m|
Richie|m|
Richmond|m|
Richy|m|
Rick|m|
Rickard|m|
Rickey|m|
Ricki|m|
Rickie|m|
Ricky|m|
Rik|m|
Rikki|m|
Riley|m|
Rinaldo|m|
Ripley|m|
Ritch|m|
Ritchie|m|
Roarke|m|
Rob|m|
Robb|m|
Robbert|m|
Robbie|m|
Robert|m|
Roberto|m|
Robin|m|
Robinson|m|
Rochester|m|
Rock|m|
Rockwell|m|
Rocky|m|
Rod|m|
Rodd|m|
Roddie|m|
Roddy|m|
Roderic|m|
Roderich|m|
Roderick|m|
Roderigo|m|
Rodge|m|
Rodger|m|
Rodney|m|
Rodolfo|m|
Rodolph|m|
Rodolphe|m|
Rodrick|m|
Rodrigo|m|
Rodrique|m|
Rog|m|
Roger|m|
Rogers|m|
Roice|m|
Roland|m|
Rolando|m|
Rolf|m|
Rolfe|m|
Rolland|m|
Rollin|m|
Rollins|m|
Rollo|m|
Rolph|m|
Romain|m|
Roman|m|
Romeo|m|
Ron|m|
Ronald|m|
Ronen|m|
Roni|m|
Ronnie|m|
Ronny|m|
Roosevelt|m|
Rory|m|
Roscoe|m|
Ross|m|
Roth|m|
Rourke|m|
Rowland|m|
Roy|m|
Royal|m|
Royce|m|
Rube|m|
Ruben|m|
Rubin|m|
Ruby|m|
Rudd|m|
Ruddie|m|
Ruddy|m|
Rudie|m|
Rudiger|m|
Rudolf|m|
Rudolfo|m|
Rudolph|m|
Rudy|m|
Rudyard|m|
Rufe|m|
Rufus|m|
Rupert|m|
Ruperto|m|
Russ|m|
Russel|m|
Russell|m|
Rustie|m|
Rustin|m|
Rusty|m|
Rutger|m|
Rutherford|m|
Rutledge|m|
Rutter|m|
Ryan|m|
Sal|m|
Salem|m|
Salim|m|
Salman|m|
Salmon|m|
Salomo|m|
Salomon|m|
Salomone|m|
Salvador|m|
Salvatore|m|
Salvidor|m|
Sam|m|
Sammie|m|
Sammy|m|
Sampson|m|
Samson|m|
Samuel|m|
Samuele|m|
Sancho|m|
Sander|m|
Sanders|m|
Sanderson|m|
Sandor|m|
Sandro|m|
Sandy|m|
Sanford|m|
Sanson|m|
Sansone|m|
Sarge|m|
Sargent|m|
Sascha|m|
Sasha|m|
Saul|m|
Sauncho|m|
Saunder|m|
Saunders|m|
Saunderson|m|
Saundra|m|
Saw|m|
Sawyer|m|
Sawyere|m|
Sax|m|
Saxe|m|
Saxon|m|
Say|m|
Sayer|m|
Sayers|m|
Sayre|m|
Sayres|m|
Scarface|m|
Schroeder|m|
Schuyler|m|
Scot|m|
Scott|m|
Scotti|m|
Scottie|m|
Scotty|m|
Seamus|m|
Sean|m|
Sebastian|m|
Sebastiano|m|
Sebastien|m|
See|m|
Selby|m|
Selig|m|
Serge|m|
Sergeant|m|
Sergei|m|
Sergent|m|
Sergio|m|
Seth|m|
Seymour|m|
Shadow|m|
Shaine|m|
Shalom|m|
Shamus|m|
Shanan|m|
Shane|m|
Shannan|m|
Shannon|m|
Shaughn|m|
Shaun|m|
Shaw|m|
Shawn|m|
Shay|m|
Shayne|m|
Shea|m|
Sheff|m|
Sheffie|m|
Sheffield|m|
Sheffy|m|
Shelby|m|
Shelden|m|
Sheldon|m|
Shell|m|
Shelley|m|
Shelton|m|
Shem|m|
Shep|m|
Shepard|m|
Shepherd|m|
Sheppard|m|
Shepperd|m|
Sheridan|m|
Sherlock|m|
Sherlocke|m|
Sherman|m|
Sherwin|m|
Sherwood|m|
Sherwynd|m|
Shimon|m|
Shlomo|m|
Sholom|m|
Shorty|m|
Shurlock|m|
Shurlocke|m|
Shurwood|m|
Si|m|
Sibyl|m|
Sid|m|
Siddhartha|m|
Sidnee|m|
Sidney|m|
Siegfried|m|
Siffre|m|
Sig|m|
Sigfrid|m|
Sigfried|m|
Sigmund|m|
Silas|m|
Silvain|m|
Silvan|m|
Silvano|m|
Silvanus|m|
Silvester|m|
Silvio|m|
Sim|m|
Simeon|m|
Simmonds|m|
Simon|m|
Simone|m|
Sinclair|m|
Sinclare|m|
Sivert|m|
Siward|m|
Skell|m|
Skelly|m|
Skip|m|
Skipp|m|
Skipper|m|
Skippie|m|
Skippy|m|
Skipton|m|
Sky|m|
Skye|m|
Skylar|m|
Skyler|m|
Slade|m|
Slim|m|
Sloan|m|
Sloane|m|
Sly|m|
Smith|m|
Smitty|m|
Socrates|m|
Sol|m|
Sollie|m|
Solly|m|
Solomon|m|
Somerset|m|
Son|m|
Sonnie|m|
Sonny|m|
Sparky|m|
Spence|m|
Spencer|m|
Spense|m|
Spenser|m|
Spike|m|
Spiro|m|
Spiros|m|
Spud|m|
Srinivas|m|
Stacy|m|
Staffard|m|
Stafford|m|
Staford|m|
Stan|m|
Standford|m|
Stanfield|m|
Stanford|m|
Stanislaw|m|
Stanleigh|m|
Stanley|m|
Stanly|m|
Stanton|m|
Stanwood|m|
Stavros|m|
Stearn|m|
Stearne|m|
Stefan|m|
Stefano|m|
Steffen|m|
Stephan|m|
Stephanus|m|
Stephen|m|
Sterling|m|
Stern|m|
Sterne|m|
Steve|m|
Steven|m|
Stevie|m|
Stevy|m|
Stew|m|
Steward|m|
Stewart|m|
Stig|m|
Stillman|m|
Stillmann|m|
Sting|m|
Stinky|m|
Stirling|m|
Stu|m|
Stuart|m|
Sturgis|m|
Sullivan|m|
Sully|m|
Sumner|m|
Sunny|m|
Sutherland|m|
Sutton|m|
Sven|m|
Swen|m|
Syd|m|
Sydney|m|
Sylvan|m|
Sylvester|m|
Tab|m|
Tabb|m|
Tabbie|m|
Tabby|m|
Taber|m|
Tabor|m|
Tad|m|
Tadd|m|
Taddeo|m|
Taddeus|m|
Tadeas|m|
Tailor|m|
Tait|m|
Taite|m|
Talbert|m|
Talbot|m|
Tallie|m|
Tally|m|
Tam|m|
Tamas|m|
Tammie|m|
Tammy|m|
Tan|m|
Tann|m|
Tanner|m|
Tanney|m|
Tannie|m|
Tanny|m|
Tarrance|m|
Tarrant|m|
Tarzan|m|
Tate|m|
Taylor|m|
Teador|m|
Ted|m|
Tedd|m|
Teddie|m|
Teddy|m|
Tedie|m|
Tedman|m|
Tedmund|m|
Tedrick|m|
Temp|m|
Temple|m|
Templeton|m|
Teodoor|m|
Teodor|m|
Teodorico|m|
Teodoro|m|
Terence|m|
Terencio|m|
Terrance|m|
Terrel|m|
Terrell|m|
Terrence|m|
Terri|m|
Terrill|m|
Terry|m|
Thacher|m|
Thad|m|
Thaddeus|m|
Thaddius|m|
Thaddus|m|
Thadeus|m|
Thain|m|
Thaine|m|
Thane|m|
Tharen|m|
Thatch|m|
Thatcher|m|
Thaxter|m|
Thayne|m|
Thebault|m|
Thedric|m|
Thedrick|m|
Theo|m|
Theobald|m|
Theodor|m|
Theodore|m|
Theodoric|m|
Theophyllus|m|
Thibaud|m|
Thibaut|m|
Thom|m|
Thomas|m|
Thor|m|
Thorn|m|
Thorndike|m|
Thornie|m|
Thornton|m|
Thorny|m|
Thorpe|m|
Thorstein|m|
Thorsten|m|
Thorvald|m|
Thurstan|m|
Thurston|m|
Tibold|m|
Tiebold|m|
Tiebout|m|
Tiler|m|
Tim|m|
Timmie|m|
Timmy|m|
Timothee|m|
Timotheus|m|
Timothy|m|
Tirrell|m|
Tito|m|
Titos|m|
Titus|m|
Tobe|m|
Tobiah|m|
Tobias|m|
Tobie|m|
Tobin|m|
Tobit|m|
Toby|m|
Tod|m|
Todd|m|
Toddie|m|
Toddy|m|
Tom|m|
Tomas|m|
Tome|m|
Tomkin|m|
Tomlin|m|
Tommie|m|
Tommy|m|
Tonnie|m|
Tony|m|
Tore|m|
Torey|m|
Torin|m|
Torr|m|
Torrance|m|
Torre|m|
Torrence|m|
Torrey|m|
Torrin|m|
Torry|m|
Town|m|
Towney|m|
Townie|m|
Townsend|m|
Towny|m|
Trace|m|
Tracey|m|
Tracie|m|
Tracy|m|
Traver|m|
Travers|m|
Travis|m|
Tray|m|
Tre|m|
Tremain|m|
Tremaine|m|
Tremayne|m|
Trent|m|
Trenton|m|
Trev|m|
Trevar|m|
Trever|m|
Trevor|m|
Trey|m|
Trip|m|
Tristan|m|
Troy|m|
Truman|m|
Tuck|m|
Tucker|m|
Tuckie|m|
Tucky|m|
Tudor|m|
Tull|m|
Tulley|m|
Tully|m|
Turner|m|
Ty|m|
Tybalt|m|
Tye|m|
Tyler|m|
Tymon|m|
Tymothy|m|
Tynan|m|
Tyrone|m|
Tyrus|m|
Tyson|m|
Udale|m|
Udall|m|
Udell|m|
Ugo|m|
Ulberto|m|
Uli|m|
Ulick|m|
Ulises|m|
Ulric|m|
Ulrich|m|
Ulrick|m|
Ulysses|m|
Umberto|m|
Upton|m|
Urbain|m|
Urban|m|
Urbano|m|
Urbanus|m|
Uri|m|
Uriah|m|
Uriel|m|
Urson|m|
Vachel|m|
Vaclav|m|
Vail|m|
Val|m|
Valdemar|m|
Vale|m|
Valentin|m|
Valentine|m|
Van|m|
Vance|m|
Vasili|m|
Vasilis|m|
Vasily|m|
Vassili|m|
Vassily|m|
Vaughan|m|
Vaughn|m|
Venkat|m|
Verge|m|
Vergil|m|
Vern|m|
Verne|m|
Vernen|m|
Verney|m|
Vernon|m|
Vernor|m|
Vic|m|
Vick|m|
Victor|m|
Vijay|m|
Vilhelm|m|
Vin|m|
Vince|m|
Vincent|m|
Vincents|m|
Vinnie|m|
Vinny|m|
Vinod|m|
Virge|m|
Virgie|m|
Virgil|m|
Virgilio|m|
Vite|m|
Vito|m|
Vlad|m|
Vladamir|m|
Vladimir|m|
Voltaire|m|
Von|m|
Wade|m|
Wadsworth|m|
Wain|m|
Waine|m|
Wainwright|m|
Wait|m|
Waite|m|
Waiter|m|
Wake|m|
Wakefield|m|
Wald|m|
Waldemar|m|
Walden|m|
Waldo|m|
Waldon|m|
Waleed|m|
Walker|m|
Wallace|m|
Wallache|m|
Wallas|m|
Wallie|m|
Wallis|m|
Wally|m|
Walsh|m|
Walt|m|
Walter|m|
Walther|m|
Walton|m|
Wang|m|
Ward|m|
Warde|m|
Warden|m|
Ware|m|
Waring|m|
Warner|m|
Warren|m|
Wash|m|
Washington|m|
Wat|m|
Waverley|m|
Waverly|m|
Way|m|
Waylan|m|
Wayland|m|
Waylen|m|
Waylin|m|
Waylon|m|
Wayne|m|
Web|m|
Webb|m|
Weber|m|
Webster|m|
Weidar|m|
Weider|m|
Welbie|m|
Welby|m|
Welch|m|
Wells|m|
Welsh|m|
Wendall|m|
Wendel|m|
Wendell|m|
Werner|m|
Wes|m|
Wesley|m|
Weslie|m|
West|m|
Westbrook|m|
Westbrooke|m|
Westleigh|m|
Westley|m|
Weston|m|
Weylin|m|
Wheeler|m|
Whit|m|
Whitaker|m|
Whitby|m|
Whitman|m|
Whitney|m|
Whittaker|m|
Wiatt|m|
Wilber|m|
Wilbert|m|
Wilbur|m|
Wilburn|m|
Wilburt|m|
Wilden|m|
Wildon|m|
Wilek|m|
Wiley|m|
Wilfred|m|
Wilfrid|m|
Wilhelm|m|
Will|m|
Willard|m|
Willdon|m|
Willem|m|
Willey|m|
Willi|m|
William|m|
Willie|m|
Willis|m|
Willmott|m|
Willy|m|
Wilmar|m|
Wilmer|m|
Wilson|m|
Wilt|m|
Wilton|m|
Win|m|
Windham|m|
Winfield|m|
Winford|m|
Winfred|m|
Winifield|m|
Winn|m|
Winnie|m|
Winny|m|
Winslow|m|
Winston|m|
Winthrop|m|
Winton|m|
Wit|m|
Witold|m|
Wittie|m|
Witty|m|
Wojciech|m|
Wolf|m|
Wolfgang|m|
Wolfie|m|
Wolfram|m|
Wolfy|m|
Woochang|m|
Wood|m|
Woodie|m|
Woodman|m|
Woodrow|m|
Woody|m|
Worden|m|
Worth|m|
Worthington|m|
Worthy|m|
Wright|m|
Wyatan|m|
Wyatt|m|
Wye|m|
Wylie|m|
Wyn|m|
Wyndham|m|
Wynn|m|
Wynton|m|
Xavier|m|
Xenos|m|
Xerxes|m|
Xever|m|
Ximenes|m|
Ximenez|m|
Xymenes|m|
Yaakov|m|
Yacov|m|
Yale|m|
Yanaton|m|
Yance|m|
Yancey|m|
Yancy|m|
Yank|m|
Yankee|m|
Yard|m|
Yardley|m|
Yehudi|m|
Yigal|m|
Yule|m|
Yuri|m|
Yves|m|
Zach|m|
Zacharia|m|
Zachariah|m|
Zacharias|m|
Zacharie|m|
Zachary|m|
Zacherie|m|
Zachery|m|
Zack|m|
Zackariah|m|
Zak|m|
Zalman|m|
Zane|m|
Zared|m|
Zary|m|
Zeb|m|
Zebadiah|m|
Zebedee|m|
Zebulen|m|
Zebulon|m|
Zechariah|m|
Zed|m|
Zedekiah|m|
Zeke|m|
Zelig|m|
Zerk|m|
Zeus|m|
Zippy|m|
Zollie|m|
Zolly|m|
Zorro|m|
Rahul|m|
Shumeet|m|
Vibhu|m|
Abagael|f|
Abagail|f|
Abbe|f|
Abbey|f|
Abbi|f|
Abbie|f|
Abby|f|
Abigael|f|
Abigail|f|
Abigale|f|
Abra|f|
Acacia|f|
Ada|f|
Adah|f|
Adaline|f|
Adara|f|
Addie|f|
Addis|f|
Adel|f|
Adela|f|
Adelaide|f|
Adele|f|
Adelice|f|
Adelina|f|
Adelind|f|
Adeline|f|
Adella|f|
Adelle|f|
Adena|f|
Adey|f|
Adi|f|
Adiana|f|
Adina|f|
Adora|f|
Adore|f|
Adoree|f|
Adorne|f|
Adrea|f|
Adria|f|
Adriaens|f|
Adrian|f|
Adriana|f|
Adriane|f|
Adrianna|f|
Adrianne|f|
Adrien|f|
Adriena|f|
Adrienne|f|
Aeriel|f|
Aeriela|f|
Aeriell|f|
Ag|f|
Agace|f|
Agata|f|
Agatha|f|
Agathe|f|
Aggi|f|
Aggie|f|
Aggy|f|
Agna|f|
Agnella|f|
Agnes|f|
Agnese|f|
Agnesse|f|
Agneta|f|
Agnola|f|
Agretha|f|
Aida|f|
Aidan|f|
Aigneis|f|
Aila|f|
Aile|f|
Ailee|f|
Aileen|f|
Ailene|f|
Ailey|f|
Aili|f|
Ailina|f|
Ailyn|f|
Aime|f|
Aimee|f|
Aimil|f|
Aina|f|
Aindrea|f|
Ainslee|f|
Ainsley|f|
Ainslie|f|
Ajay|f|
Alaine|f|
Alameda|f|
Alana|f|
Alanah|f|
Alane|f|
Alanna|f|
Alayne|f|
Alberta|f|
Albertina|f|
Albertine|f|
Albina|f|
Alecia|f|
Aleda|f|
Aleece|f|
Aleecia|f|
Aleen|f|
Alejandra|f|
Alejandrina|f|
Alena|f|
Alene|f|
Alessandra|f|
Aleta|f|
Alethea|f|
Alex|f|
Alexa|f|
Alexandra|f|
Alexandrina|f|
Alexi|f|
Alexia|f|
Alexina|f|
Alexine|f|
Alexis|f|
Alfie|f|
Alfreda|f|
Ali|f|
Alia|f|
Alica|f|
Alice|f|
Alicea|f|
Alicia|f|
Alida|f|
Alidia|f|
Alina|f|
Aline|f|
Alis|f|
Alisa|f|
Alisha|f|
Alison|f|
Alissa|f|
Alisun|f|
Alix|f|
Aliza|f|
Alla|f|
Alleen|f|
Allegra|f|
Allene|f|
Alli|f|
Allianora|f|
Allie|f|
Allina|f|
Allis|f|
Allison|f|
Allissa|f|
Allsun|f|
Ally|f|
Allyce|f|
Allyn|f|
Allys|f|
Allyson|f|
Alma|f|
Almeda|f|
Almeria|f|
Almeta|f|
Almira|f|
Almire|f|
Aloise|f|
Aloisia|f|
Aloysia|f|
Alpa|f|
Alta|f|
Althea|f|
Alvera|f|
Alvina|f|
Alvinia|f|
Alvira|f|
Alyce|f|
Alyda|f|
Alys|f|
Alysa|f|
Alyse|f|
Alysia|f|
Alyson|f|
Alyss|f|
Alyssa|f|
Amabel|f|
Amabelle|f|
Amalea|f|
Amalee|f|
Amaleta|f|
Amalia|f|
Amalie|f|
Amalita|f|
Amalle|f|
Amanda|f|
Amandi|f|
Amandie|f|
Amandy|f|
Amara|f|
Amargo|f|
Amata|f|
Amber|f|
Amberly|f|
Ambrosia|f|
Ambur|f|
Ame|f|
Amelia|f|
Amelie|f|
Amelina|f|
Ameline|f|
Amelita|f|
Ami|f|
Amie|f|
Amity|f|
Ammamaria|f|
Amy|f|
Ana|f|
Anabel|f|
Anabella|f|
Anabelle|f|
Anais|f|
Analiese|f|
Analise|f|
Anallese|f|
Anallise|f|
Anastasia|f|
Anastasie|f|
Anastassia|f|
Anatola|f|
Andee|f|
Andi|f|
Andie|f|
Andra|f|
Andrea|f|
Andreana|f|
Andree|f|
Andrei|f|
Andria|f|
Andriana|f|
Andriette|f|
Andromache|f|
Andromeda|f|
Andy|f|
Anestassia|f|
Anet|f|
Anett|f|
Anetta|f|
Anette|f|
Ange|f|
Angel|f|
Angela|f|
Angele|f|
Angelia|f|
Angelica|f|
Angelika|f|
Angelina|f|
Angeline|f|
Angelique|f|
Angelita|f|
Angelle|f|
Angie|f|
Angil|f|
Angy|f|
Ania|f|
Anica|f|
Anissa|f|
Anita|f|
Anitra|f|
Anja|f|
Anjanette|f|
Anjela|f|
Ann|f|
Ann-Mari|f|
Ann-Marie|f|
Anna|f|
Anna-Diana|f|
Anna-Diane|f|
Anna-Maria|f|
Annabal|f|
Annabel|f|
Annabela|f|
Annabell|f|
Annabella|f|
Annabelle|f|
Annadiana|f|
Annadiane|f|
Annalee|f|
Annalena|f|
Annaliese|f|
Annalisa|f|
Annalise|f|
Annalyse|f|
Annamari|f|
Annamaria|f|
Annamarie|f|
Anne|f|
Anne-Corinne|f|
Anne-Mar|f|
Anne-Marie|f|
Annecorinne|f|
Anneliese|f|
Annelise|f|
Annemarie|f|
Annetta|f|
Annette|f|
Anni|f|
Annice|f|
Annie|f|
Annissa|f|
Annmaria|f|
Annmarie|f|
Annnora|f|
Annora|f|
Anny|f|
Anselma|f|
Ansley|f|
Anstice|f|
Anthe|f|
Anthea|f|
Anthia|f|
Antoinette|f|
Antonella|f|
Antonetta|f|
Antonia|f|
Antonie|f|
Antonietta|f|
Antonina|f|
Anya|f|
Aphrodite|f|
Appolonia|f|
April|f|
Aprilette|f|
Ara|f|
Arabel|f|
Arabela|f|
Arabele|f|
Arabella|f|
Arabelle|f|
Arda|f|
Ardath|f|
Ardeen|f|
Ardelia|f|
Ardelis|f|
Ardella|f|
Ardelle|f|
Arden|f|
Ardene|f|
Ardenia|f|
Ardine|f|
Ardis|f|
Ardith|f|
Ardra|f|
Ardyce|f|
Ardys|f|
Ardyth|f|
Aretha|f|
Ariadne|f|
Ariana|f|
Arianne|f|
Aridatha|f|
Ariel|f|
Ariela|f|
Ariella|f|
Arielle|f|
Arlana|f|
Arlee|f|
Arleen|f|
Arlen|f|
Arlena|f|
Arlene|f|
Arleta|f|
Arlette|f|
Arleyne|f|
Arlie|f|
Arliene|f|
Arlina|f|
Arlinda|f|
Arline|f|
Arly|f|
Arlyn|f|
Arlyne|f|
Aryn|f|
Ashely|f|
Ashlee|f|
Ashleigh|f|
Ashlen|f|
Ashley|f|
Ashli|f|
Ashlie|f|
Ashly|f|
Asia|f|
Astra|f|
Astrid|f|
Astrix|f|
Atalanta|f|
Athena|f|
Athene|f|
Atlanta|f|
Atlante|f|
Auberta|f|
Aubine|f|
Aubree|f|
Aubrette|f|
Aubrey|f|
Aubrie|f|
Aubry|f|
Audi|f|
Audie|f|
Audra|f|
Audre|f|
Audrey|f|
Audrie|f|
Audry|f|
Audrye|f|
Audy|f|
Augusta|f|
Auguste|f|
Augustina|f|
Augustine|f|
Aura|f|
Aurea|f|
Aurel|f|
Aurelea|f|
Aurelia|f|
Aurelie|f|
Auria|f|
Aurie|f|
Aurilia|f|
Aurlie|f|
Auroora|f|
Aurora|f|
Aurore|f|
Austin|f|
Austina|f|
Austine|f|
Ava|f|
Aveline|f|
Averil|f|
Averyl|f|
Avie|f|
Avis|f|
Aviva|f|
Avivah|f|
Avril|f|
Avrit|f|
Ayn|f|
Bab|f|
Babara|f|
Babette|f|
Babita|f|
Babs|f|
Bambi|f|
Bambie|f|
Bamby|f|
Barb|f|
Barbabra|f|
Barbara|f|
Barbara-Anne|f|
Barbaraanne|f|
Barbe|f|
Barbee|f|
Barbette|f|
Barbey|f|
Barbi|f|
Barbie|f|
Barbra|f|
Barby|f|
Bari|f|
Barrie|f|
Barry|f|
Basia|f|
Bathsheba|f|
Batsheva|f|
Bea|f|
Beatrice|f|
Beatrisa|f|
Beatrix|f|
Beatriz|f|
Beau|f|
Bebe|f|
Becca|f|
Becka|f|
Becki|f|
Beckie|f|
Becky|f|
Bee|f|
Beilul|f|
Beitris|f|
Bekki|f|
Bel|f|
Belia|f|
Belicia|f|
Belinda|f|
Belita|f|
Bell|f|
Bella|f|
Bellamy|f|
Bellanca|f|
Belle|f|
Bellina|f|
Belva|f|
Belvia|f|
Bendite|f|
Benedetta|f|
Benedicta|f|
Benedikta|f|
Benetta|f|
Benita|f|
Benni|f|
Bennie|f|
Benny|f|
Benoite|f|
Berenice|f|
Beret|f|
Berget|f|
Berna|f|
Bernadene|f|
Bernadette|f|
Bernadina|f|
Bernadine|f|
Bernardina|f|
Bernardine|f|
Bernelle|f|
Bernete|f|
Bernetta|f|
Bernette|f|
Berni|f|
Bernice|f|
Bernie|f|
Bernita|f|
Berny|f|
Berri|f|
Berrie|f|
Berry|f|
Bert|f|
Berta|f|
Berte|f|
Bertha|f|
Berthe|f|
Berti|f|
Bertie|f|
Bertina|f|
Bertine|f|
Berty|f|
Beryl|f|
Beryle|f|
Bess|f|
Bessie|f|
Bessy|f|
Beth|f|
Bethanne|f|
Bethany|f|
Bethena|f|
Bethina|f|
Betsey|f|
Betsy|f|
Betta|f|
Bette|f|
Bette-Ann|f|
Betteann|f|
Betteanne|f|
Betti|f|
Bettie|f|
Bettina|f|
Bettine|f|
Betty|f|
Bettye|f|
Beulah|f|
Bev|f|
Beverie|f|
Beverlee|f|
Beverlie|f|
Beverly|f|
Bevvy|f|
Bianca|f|
Bianka|f|
Biddy|f|
Bidget|f|
Bill|f|
Billi|f|
Billie|f|
Billy|f|
Binni|f|
Binnie|f|
Binny|f|
Bird|f|
Birdie|f|
Birgit|f|
Birgitta|f|
Blair|f|
Blaire|f|
Blake|f|
Blakelee|f|
Blakeley|f|
Blanca|f|
Blanch|f|
Blancha|f|
Blanche|f|
Blinni|f|
Blinnie|f|
Blinny|f|
Bliss|f|
Blisse|f|
Blithe|f|
Blondell|f|
Blondelle|f|
Blondie|f|
Blondy|f|
Blythe|f|
Bo|f|
Bobbette|f|
Bobbi|f|
Bobbie|f|
Bobby|f|
Bobette|f|
Bobina|f|
Bobine|f|
Bobinette|f|
Bonita|f|
Bonnee|f|
Bonni|f|
Bonnie|f|
Bonny|f|
Brana|f|
Brandais|f|
Brande|f|
Brandea|f|
Brandi|f|
Brandice|f|
Brandie|f|
Brandise|f|
Brandy|f|
Brea|f|
Breanne|f|
Brear|f|
Bree|f|
Breena|f|
Bren|f|
Brena|f|
Brenda|f|
Brenn|f|
Brenna|f|
Brett|f|
Bria|f|
Briana|f|
Brianna|f|
Brianne|f|
Bride|f|
Bridget|f|
Bridgett|f|
Bridgette|f|
Bridie|f|
Brier|f|
Brietta|f|
Brigid|f|
Brigida|f|
Brigit|f|
Brigitta|f|
Brigitte|f|
Brina|f|
Briney|f|
Briny|f|
Brit|f|
Brita|f|
Britaney|f|
Britani|f|
Briteny|f|
Britney|f|
Britni|f|
Britt|f|
Britta|f|
Brittan|f|
Brittany|f|
Britte|f|
Brittney|f|
Brook|f|
Brooke|f|
Brooks|f|
Brunella|f|
Brunhilda|f|
Brunhilde|f|
Bryana|f|
Bryn|f|
Bryna|f|
Brynn|f|
Brynna|f|
Brynne|f|
Buffy|f|
Bunni|f|
Bunnie|f|
Bunny|f|
Burta|f|
Cabrina|f|
Cacilia|f|
Cacilie|f|
Caitlin|f|
Caitrin|f|
Cal|f|
Calida|f|
Calla|f|
Calley|f|
Calli|f|
Callida|f|
Callie|f|
Cally|f|
Calypso|f|
Cam|f|
Camala|f|
Camel|f|
Camella|f|
Camellia|f|
Cameo|f|
Cami|f|
Camila|f|
Camile|f|
Camilla|f|
Camille|f|
Cammi|f|
Cammie|f|
Cammy|f|
Canada|f|
Candace|f|
Candi|f|
Candice|f|
Candida|f|
Candide|f|
Candie|f|
Candis|f|
Candra|f|
Candy|f|
Cappella|f|
Caprice|f|
Cara|f|
Caralie|f|
Caren|f|
Carena|f|
Caresa|f|
Caressa|f|
Caresse|f|
Carey|f|
Cari|f|
Caria|f|
Carie|f|
Caril|f|
Carilyn|f|
Carin|f|
Carina|f|
Carine|f|
Cariotta|f|
Carissa|f|
Carita|f|
Caritta|f|
Carla|f|
Carlee|f|
Carleen|f|
Carlen|f|
Carlena|f|
Carlene|f|
Carley|f|
Carli|f|
Carlie|f|
Carlin|f|
Carlina|f|
Carline|f|
Carlisle|f|
Carlita|f|
Carlota|f|
Carlotta|f|
Carly|f|
Carlye|f|
Carlyn|f|
Carlynn|f|
Carlynne|f|
Carma|f|
Carmel|f|
Carmela|f|
Carmelia|f|
Carmelina|f|
Carmelita|f|
Carmella|f|
Carmelle|f|
Carmen|f|
Carmina|f|
Carmine|f|
Carmita|f|
Carmon|f|
Caro|f|
Carol|f|
Carol-Jean|f|
Carola|f|
Carolan|f|
Carolann|f|
Carole|f|
Carolee|f|
Caroleen|f|
Carolie|f|
Carolin|f|
Carolina|f|
Caroline|f|
Caroljean|f|
Carolyn|f|
Carolyne|f|
Carolynn|f|
Caron|f|
Carree|f|
Carri|f|
Carrie|f|
Carrissa|f|
Carrol|f|
Carroll|f|
Carry|f|
Cary|f|
Caryl|f|
Caryn|f|
Casandra|f|
Casey|f|
Casi|f|
Casia|f|
Casie|f|
Cass|f|
Cassandra|f|
Cassandre|f|
Cassandry|f|
Cassaundra|f|
Cassey|f|
Cassi|f|
Cassie|f|
Cassondra|f|
Cassy|f|
Cat|f|
Catarina|f|
Cate|f|
Caterina|f|
Catha|f|
Catharina|f|
Catharine|f|
Cathe|f|
Cathee|f|
Catherin|f|
Catherina|f|
Catherine|f|
Cathi|f|
Cathie|f|
Cathleen|f|
Cathlene|f|
Cathrin|f|
Cathrine|f|
Cathryn|f|
Cathy|f|
Cathyleen|f|
Cati|f|
Catie|f|
Catina|f|
Catlaina|f|
Catlee|f|
Catlin|f|
Catrina|f|
Catriona|f|
Caty|f|
Cayla|f|
Cecelia|f|
Cecil|f|
Cecile|f|
Ceciley|f|
Cecilia|f|
Cecilla|f|
Cecily|f|
Ceil|f|
Cele|f|
Celene|f|
Celesta|f|
Celeste|f|
Celestia|f|
Celestina|f|
Celestine|f|
Celestyn|f|
Celestyna|f|
Celia|f|
Celie|f|
Celina|f|
Celinda|f|
Celine|f|
Celinka|f|
Celisse|f|
Celle|f|
Cesya|f|
Chad|f|
Chanda|f|
Chandal|f|
Chandra|f|
Channa|f|
Chantal|f|
Chantalle|f|
Charil|f|
Charin|f|
Charis|f|
Charissa|f|
Charisse|f|
Charita|f|
Charity|f|
Charla|f|
Charlean|f|
Charleen|f|
Charlena|f|
Charlene|f|
Charline|f|
Charlot|f|
Charlott|f|
Charlotta|f|
Charlotte|f|
Charmain|f|
Charmaine|f|
Charmane|f|
Charmian|f|
Charmine|f|
Charmion|f|
Charo|f|
Charyl|f|
Chastity|f|
Chelsae|f|
Chelsea|f|
Chelsey|f|
Chelsie|f|
Chelsy|f|
Cher|f|
Chere|f|
Cherey|f|
Cheri|f|
Cherianne|f|
Cherice|f|
Cherida|f|
Cherie|f|
Cherilyn|f|
Cherilynn|f|
Cherin|f|
Cherise|f|
Cherish|f|
Cherlyn|f|
Cherri|f|
Cherrita|f|
Cherry|f|
Chery|f|
Cherye|f|
Cheryl|f|
Cheslie|f|
Chiarra|f|
Chickie|f|
Chicky|f|
Chiquita|f|
Chloe|f|
Chloette|f|
Chloris|f|
Chris|f|
Chriss|f|
Chrissa|f|
Chrissie|f|
Chrissy|f|
Christa|f|
Christabel|f|
Christabella|f|
Christabelle|f|
Christal|f|
Christalle|f|
Christan|f|
Christean|f|
Christel|f|
Christen|f|
Christi|f|
Christian|f|
Christiana|f|
Christiane|f|
Christie|f|
Christin|f|
Christina|f|
Christine|f|
Christy|f|
Christyna|f|
Chrysa|f|
Chrysler|f|
Chrystal|f|
Chryste|f|
Chrystel|f|
Ciara|f|
Cicely|f|
Cicily|f|
Ciel|f|
Cilka|f|
Cinda|f|
Cindee|f|
Cindelyn|f|
Cinderella|f|
Cindi|f|
Cindie|f|
Cindra|f|
Cindy|f|
Cinnamon|f|
Cissie|f|
Cissy|f|
Clair|f|
Claire|f|
Clara|f|
Clarabelle|f|
Clare|f|
Claresta|f|
Clareta|f|
Claretta|f|
Clarette|f|
Clarey|f|
Clari|f|
Claribel|f|
Clarice|f|
Clarie|f|
Clarinda|f|
Clarine|f|
Clarisa|f|
Clarissa|f|
Clarisse|f|
Clarita|f|
Clary|f|
Claude|f|
Claudelle|f|
Claudetta|f|
Claudette|f|
Claudia|f|
Claudie|f|
Claudina|f|
Claudine|f|
Clea|f|
Clem|f|
Clemence|f|
Clementia|f|
Clementina|f|
Clementine|f|
Clemmie|f|
Clemmy|f|
Cleo|f|
Cleopatra|f|
Clerissa|f|
Cleva|f|
Clio|f|
Clo|f|
Cloe|f|
Cloris|f|
Clotilda|f|
Clovis|f|
Codee|f|
Codi|f|
Codie|f|
Cody|f|
Coleen|f|
Colene|f|
Coletta|f|
Colette|f|
Colleen|f|
Collete|f|
Collette|f|
Collie|f|
Colline|f|
Colly|f|
Con|f|
Concettina|f|
Conchita|f|
Concordia|f|
Conney|f|
Conni|f|
Connie|f|
Conny|f|
Consolata|f|
Constance|f|
Constancia|f|
Constancy|f|
Constanta|f|
Constantia|f|
Constantina|f|
Constantine|f|
Consuela|f|
Consuelo|f|
Cookie|f|
Cora|f|
Corabel|f|
Corabella|f|
Corabelle|f|
Coral|f|
Coralie|f|
Coraline|f|
Coralyn|f|
Cordelia|f|
Cordelie|f|
Cordey|f|
Cordie|f|
Cordula|f|
Cordy|f|
Coreen|f|
Corella|f|
Corena|f|
Corenda|f|
Corene|f|
Coretta|f|
Corette|f|
Corey|f|
Cori|f|
Corie|f|
Corilla|f|
Corina|f|
Corine|f|
Corinna|f|
Corinne|f|
Coriss|f|
Corissa|f|
Corliss|f|
Corly|f|
Cornela|f|
Cornelia|f|
Cornelle|f|
Cornie|f|
Corny|f|
Correna|f|
Correy|f|
Corri|f|
Corrianne|f|
Corrie|f|
Corrina|f|
Corrine|f|
Corrinne|f|
Corry|f|
Cortney|f|
Cory|f|
Cosetta|f|
Cosette|f|
Courtenay|f|
Courtney|f|
Cresa|f|
Cris|f|
Crissie|f|
Crissy|f|
Crista|f|
Cristabel|f|
Cristal|f|
Cristen|f|
Cristi|f|
Cristie|f|
Cristin|f|
Cristina|f|
Cristine|f|
Cristionna|f|
Cristy|f|
Crysta|f|
Crystal|f|
Crystie|f|
Cyb|f|
Cybal|f|
Cybel|f|
Cybelle|f|
Cybil|f|
Cybill|f|
Cyndi|f|
Cyndy|f|
Cynthea|f|
Cynthia|f|
Cynthie|f|
Cynthy|f|
Dacey|f|
Dacia|f|
Dacie|f|
Dacy|f|
Dael|f|
Daffi|f|
Daffie|f|
Daffy|f|
Dafna|f|
Dagmar|f|
Dahlia|f|
Daile|f|
Daisey|f|
Daisi|f|
Daisie|f|
Daisy|f|
Dale|f|
Dalenna|f|
Dalia|f|
Dalila|f|
Dallas|f|
Daloris|f|
Damara|f|
Damaris|f|
Damita|f|
Dana|f|
Danell|f|
Danella|f|
Danelle|f|
Danette|f|
Dani|f|
Dania|f|
Danica|f|
Danice|f|
Daniel|f|
Daniela|f|
Daniele|f|
Daniella|f|
Danielle|f|
Danika|f|
Danila|f|
Danit|f|
Danita|f|
Danna|f|
Danni|f|
Dannie|f|
Danny|f|
Dannye|f|
Danya|f|
Danyelle|f|
Danyette|f|
Daphene|f|
Daphna|f|
Daphne|f|
Dara|f|
Darb|f|
Darbie|f|
Darby|f|
Darcee|f|
Darcey|f|
Darci|f|
Darcie|f|
Darcy|f|
Darda|f|
Dareen|f|
Darell|f|
Darelle|f|
Dari|f|
Daria|f|
Darice|f|
Darla|f|
Darleen|f|
Darlene|f|
Darline|f|
Darryl|f|
Darsey|f|
Darsie|f|
Darya|f|
Daryl|f|
Daryn|f|
Dasha|f|
Dasi|f|
Dasie|f|
Dasya|f|
Datha|f|
Daune|f|
Daveen|f|
Daveta|f|
Davida|f|
Davina|f|
Davine|f|
Davita|f|
Dawn|f|
Dawna|f|
Dayle|f|
Dayna|f|
Dea|f|
Deana|f|
Deane|f|
Deanna|f|
Deanne|f|
Deb|f|
Debbi|f|
Debbie|f|
Debbra|f|
Debby|f|
Debee|f|
Debera|f|
Debi|f|
Debor|f|
Debora|f|
Deborah|f|
Debra|f|
Dede|f|
Dedie|f|
Dedra|f|
Dee|f|
Dee Dee|f|
Deeann|f|
Deeanne|f|
Deedee|f|
Deena|f|
Deerdre|f|
Dehlia|f|
Deidre|f|
Deina|f|
Deirdre|f|
Del|f|
Dela|f|
Delaney|f|
Delcina|f|
Delcine|f|
Delia|f|
Delila|f|
Delilah|f|
Delinda|f|
Dell|f|
Della|f|
Delly|f|
Delora|f|
Delores|f|
Deloria|f|
Deloris|f|
Delphina|f|
Delphine|f|
Delphinia|f|
Demeter|f|
Demetra|f|
Demetria|f|
Demetris|f|
Dena|f|
Deni|f|
Denice|f|
Denise|f|
Denna|f|
Denni|f|
Dennie|f|
Denny|f|
Deny|f|
Denys|f|
Denyse|f|
Deonne|f|
Desaree|f|
Desdemona|f|
Desirae|f|
Desiree|f|
Desiri|f|
Deva|f|
Devan|f|
Devi|f|
Devin|f|
Devina|f|
Devinne|f|
Devon|f|
Devondra|f|
Devonna|f|
Devonne|f|
Devora|f|
Dew|f|
Di|f|
Diahann|f|
Diamond|f|
Dian|f|
Diana|f|
Diandra|f|
Diane|f|
Diane-Marie|f|
Dianemarie|f|
Diann|f|
Dianna|f|
Dianne|f|
Diannne|f|
Didi|f|
Dido|f|
Diena|f|
Dierdre|f|
Dina|f|
Dinah|f|
Dinnie|f|
Dinny|f|
Dion|f|
Dione|f|
Dionis|f|
Dionne|f|
Dita|f|
Dix|f|
Dixie|f|
Dode|f|
Dodi|f|
Dodie|f|
Dody|f|
Doe|f|
Doll|f|
Dolley|f|
Dolli|f|
Dollie|f|
Dolly|f|
Dolora|f|
Dolores|f|
Dolorita|f|
Doloritas|f|
Dominica|f|
Dominique|f|
Dona|f|
Donella|f|
Donelle|f|
Donetta|f|
Donia|f|
Donica|f|
Donielle|f|
Donna|f|
Donnajean|f|
Donnamarie|f|
Donni|f|
Donnie|f|
Donny|f|
Dora|f|
Doralia|f|
Doralin|f|
Doralyn|f|
Doralynn|f|
Doralynne|f|
Dorcas|f|
Dore|f|
Doreen|f|
Dorelia|f|
Dorella|f|
Dorelle|f|
Dorena|f|
Dorene|f|
Doretta|f|
Dorette|f|
Dorey|f|
Dori|f|
Doria|f|
Dorian|f|
Dorice|f|
Dorie|f|
Dorine|f|
Doris|f|
Dorisa|f|
Dorise|f|
Dorit|f|
Dorita|f|
Doro|f|
Dorolice|f|
Dorolisa|f|
Dorotea|f|
Doroteya|f|
Dorothea|f|
Dorothee|f|
Dorothy|f|
Dorree|f|
Dorri|f|
Dorrie|f|
Dorris|f|
Dorry|f|
Dorthea|f|
Dorthy|f|
Dory|f|
Dosi|f|
Dot|f|
Doti|f|
Dotti|f|
Dottie|f|
Dotty|f|
Dove|f|
Drea|f|
Drew|f|
Dulce|f|
Dulcea|f|
Dulci|f|
Dulcia|f|
Dulciana|f|
Dulcie|f|
Dulcine|f|
Dulcinea|f|
Dulcy|f|
Dulsea|f|
Dusty|f|
Dyan|f|
Dyana|f|
Dyane|f|
Dyann|f|
Dyanna|f|
Dyanne|f|
Dyna|f|
Dynah|f|
E'Lane|f|
Eada|f|
Eadie|f|
Eadith|f|
Ealasaid|f|
Eartha|f|
Easter|f|
Eba|f|
Ebba|f|
Ebonee|f|
Ebony|f|
Eda|f|
Eddi|f|
Eddie|f|
Eddy|f|
Ede|f|
Edee|f|
Edeline|f|
Eden|f|
Edi|f|
Edie|f|
Edin|f|
Edita|f|
Edith|f|
Editha|f|
Edithe|f|
Ediva|f|
Edna|f|
Edwina|f|
Edy|f|
Edyth|f|
Edythe|f|
Effie|f|
Eileen|f|
Eilis|f|
Eimile|f|
Eirena|f|
Ekaterina|f|
Elaina|f|
Elaine|f|
Elana|f|
Elane|f|
Elayne|f|
Elberta|f|
Elbertina|f|
Elbertine|f|
Eleanor|f|
Eleanora|f|
Eleanore|f|
Electra|f|
Elena|f|
Elene|f|
Eleni|f|
Elenore|f|
Eleonora|f|
Eleonore|f|
Elfie|f|
Elfreda|f|
Elfrida|f|
Elfrieda|f|
Elga|f|
Elianora|f|
Elianore|f|
Elicia|f|
Elie|f|
Elinor|f|
Elinore|f|
Elisa|f|
Elisabet|f|
Elisabeth|f|
Elisabetta|f|
Elise|f|
Elisha|f|
Elissa|f|
Elita|f|
Eliza|f|
Elizabet|f|
Elizabeth|f|
Elka|f|
Elke|f|
Ella|f|
Elladine|f|
Elle|f|
Ellen|f|
Ellene|f|
Ellette|f|
Elli|f|
Ellie|f|
Ellissa|f|
Elly|f|
Ellyn|f|
Ellynn|f|
Elmira|f|
Elna|f|
Elnora|f|
Elnore|f|
Eloisa|f|
Eloise|f|
Elonore|f|
Elora|f|
Elsa|f|
Elsbeth|f|
Else|f|
Elsey|f|
Elsi|f|
Elsie|f|
Elsinore|f|
Elspeth|f|
Elsy|f|
Elva|f|
Elvera|f|
Elvina|f|
Elvira|f|
Elwina|f|
Elwira|f|
Elyn|f|
Elyse|f|
Elysee|f|
Elysha|f|
Elysia|f|
Elyssa|f|
Em|f|
Ema|f|
Emalee|f|
Emalia|f|
Emanuela|f|
Emelda|f|
Emelia|f|
Emelina|f|
Emeline|f|
Emelita|f|
Emelyne|f|
Emera|f|
Emilee|f|
Emili|f|
Emilia|f|
Emilie|f|
Emiline|f|
Emily|f|
Emlyn|f|
Emlynn|f|
Emlynne|f|
Emma|f|
Emmalee|f|
Emmaline|f|
Emmalyn|f|
Emmalynn|f|
Emmalynne|f|
Emmeline|f|
Emmey|f|
Emmi|f|
Emmie|f|
Emmy|f|
Emmye|f|
Emogene|f|
Emyle|f|
Emylee|f|
Endora|f|
Engracia|f|
Enid|f|
Enrica|f|
Enrichetta|f|
Enrika|f|
Enriqueta|f|
Enya|f|
Eolanda|f|
Eolande|f|
Eran|f|
Erda|f|
Erena|f|
Erica|f|
Ericha|f|
Ericka|f|
Erika|f|
Erin|f|
Erina|f|
Erinn|f|
Erinna|f|
Erma|f|
Ermengarde|f|
Ermentrude|f|
Ermina|f|
Erminia|f|
Erminie|f|
Erna|f|
Ernaline|f|
Ernesta|f|
Ernestine|f|
Ertha|f|
Eryn|f|
Esma|f|
Esmaria|f|
Esme|f|
Esmeralda|f|
Esmerelda|f|
Essa|f|
Essie|f|
Essy|f|
Esta|f|
Estel|f|
Estele|f|
Estell|f|
Estella|f|
Estelle|f|
Ester|f|
Esther|f|
Estrella|f|
Estrellita|f|
Ethel|f|
Ethelda|f|
Ethelin|f|
Ethelind|f|
Etheline|f|
Ethelyn|f|
Ethyl|f|
Etta|f|
Etti|f|
Ettie|f|
Etty|f|
Eudora|f|
Eugenia|f|
Eugenie|f|
Eugine|f|
Eula|f|
Eulalie|f|
Eunice|f|
Euphemia|f|
Eustacia|f|
Eva|f|
Evaleen|f|
Evangelia|f|
Evangelin|f|
Evangelina|f|
Evangeline|f|
Evania|f|
Evanne|f|
Eve|f|
Eveleen|f|
Evelina|f|
Eveline|f|
Evelyn|f|
Evette|f|
Evey|f|
Evie|f|
Evita|f|
Evonne|f|
Evvie|f|
Evvy|f|
Evy|f|
Eyde|f|
Eydie|f|
Fabrianne|f|
Fabrice|f|
Fae|f|
Faina|f|
Faith|f|
Fallon|f|
Fan|f|
Fanchette|f|
Fanchon|f|
Fancie|f|
Fancy|f|
Fanechka|f|
Fania|f|
Fanni|f|
Fannie|f|
Fanny|f|
Fanya|f|
Fara|f|
Farah|f|
Farand|f|
Farica|f|
Farra|f|
Farrah|f|
Farrand|f|
Fatima|f|
Faun|f|
Faunie|f|
Faustina|f|
Faustine|f|
Fawn|f|
Fawna|f|
Fawne|f|
Fawnia|f|
Fay|f|
Faydra|f|
Faye|f|
Fayette|f|
Fayina|f|
Fayre|f|
Fayth|f|
Faythe|f|
Federica|f|
Fedora|f|
Felecia|f|
Felicdad|f|
Felice|f|
Felicia|f|
Felicity|f|
Felicle|f|
Felipa|f|
Felisha|f|
Felita|f|
Feliza|f|
Fenelia|f|
Feodora|f|
Ferdinanda|f|
Ferdinande|f|
Fern|f|
Fernanda|f|
Fernande|f|
Fernandina|f|
Ferne|f|
Fey|f|
Fiann|f|
Fianna|f|
Fidela|f|
Fidelia|f|
Fidelity|f|
Fifi|f|
Fifine|f|
Filia|f|
Filide|f|
Filippa|f|
Fina|f|
Fiona|f|
Fionna|f|
Fionnula|f|
Fiorenze|f|
Fleur|f|
Fleurette|f|
Flo|f|
Flor|f|
Flora|f|
Florance|f|
Flore|f|
Florella|f|
Florence|f|
Florencia|f|
Florentia|f|
Florenza|f|
Florette|f|
Flori|f|
Floria|f|
Florice|f|
Florida|f|
Florie|f|
Florina|f|
Florinda|f|
Floris|f|
Florri|f|
Florrie|f|
Florry|f|
Flory|f|
Flossi|f|
Flossie|f|
Flossy|f|
Flower|f|
Fortuna|f|
Fortune|f|
Fran|f|
France|f|
Francene|f|
Frances|f|
Francesca|f|
Francesmary|f|
Francine|f|
Francis|f|
Francisca|f|
Franciska|f|
Francoise|f|
Francyne|f|
Frank|f|
Frankie|f|
Franky|f|
Franni|f|
Frannie|f|
Franny|f|
Frayda|f|
Fred|f|
Freda|f|
Freddi|f|
Freddie|f|
Freddy|f|
Fredelia|f|
Frederica|f|
Fredericka|f|
Fredi|f|
Fredia|f|
Fredra|f|
Fredrika|f|
Freida|f|
Frieda|f|
Friederike|f|
Fulvia|f|
Gabbey|f|
Gabbi|f|
Gabbie|f|
Gabey|f|
Gabi|f|
Gabie|f|
Gabriel|f|
Gabriela|f|
Gabriell|f|
Gabriella|f|
Gabrielle|f|
Gabriellia|f|
Gabrila|f|
Gaby|f|
Gae|f|
Gael|f|
Gail|f|
Gale|f|
Gale |f|
Galina|f|
Garland|f|
Garnet|f|
Garnette|f|
Gates|f|
Gavra|f|
Gavrielle|f|
Gay|f|
Gayla|f|
Gayle|f|
Gayleen|f|
Gaylene|f|
Gaynor|f|
Gelya|f|
Gen|f|
Gena|f|
Gene|f|
Geneva|f|
Genevieve|f|
Genevra|f|
Genia|f|
Genna|f|
Genni|f|
Gennie|f|
Gennifer|f|
Genny|f|
Genovera|f|
Genvieve|f|
George|f|
Georgeanna|f|
Georgeanne|f|
Georgena|f|
Georgeta|f|
Georgetta|f|
Georgette|f|
Georgia|f|
Georgiamay|f|
Georgiana|f|
Georgianna|f|
Georgianne|f|
Georgie|f|
Georgina|f|
Georgine|f|
Gera|f|
Geralda|f|
Geraldina|f|
Geraldine|f|
Gerda|f|
Gerhardine|f|
Geri|f|
Gerianna|f|
Gerianne|f|
Gerladina|f|
Germain|f|
Germaine|f|
Germana|f|
Gerri|f|
Gerrie|f|
Gerrilee|f|
Gerry|f|
Gert|f|
Gerta|f|
Gerti|f|
Gertie|f|
Gertrud|f|
Gertruda|f|
Gertrude|f|
Gertrudis|f|
Gerty|f|
Giacinta|f|
Giana|f|
Gianina|f|
Gianna|f|
Gigi|f|
Gilberta|f|
Gilberte|f|
Gilbertina|f|
Gilbertine|f|
Gilda|f|
Gill|f|
Gillan|f|
Gilli|f|
Gillian|f|
Gillie|f|
Gilligan|f|
Gilly|f|
Gina|f|
Ginelle|f|
Ginevra|f|
Ginger|f|
Ginni|f|
Ginnie|f|
Ginnifer|f|
Ginny|f|
Giorgia|f|
Giovanna|f|
Gipsy|f|
Giralda|f|
Gisela|f|
Gisele|f|
Gisella|f|
Giselle|f|
Gizela|f|
Glad|f|
Gladi|f|
Gladis|f|
Gladys|f|
Gleda|f|
Glen|f|
Glenda|f|
Glenine|f|
Glenn|f|
Glenna|f|
Glennie|f|
Glennis|f|
Glori|f|
Gloria|f|
Gloriana|f|
Gloriane|f|
Glorianna|f|
Glory|f|
Glyn|f|
Glynda|f|
Glynis|f|
Glynnis|f|
Godiva|f|
Golda|f|
Goldarina|f|
Goldi|f|
Goldia|f|
Goldie|f|
Goldina|f|
Goldy|f|
Grace|f|
Gracia|f|
Gracie|f|
Grata|f|
Gratia|f|
Gratiana|f|
Gray|f|
Grayce|f|
Grazia|f|
Gredel|f|
Greer|f|
Greta|f|
Gretal|f|
Gretchen|f|
Grete|f|
Gretel|f|
Grethel|f|
Gretna|f|
Gretta|f|
Grier|f|
Griselda|f|
Grissel|f|
Guendolen|f|
Guenevere|f|
Guenna|f|
Guglielma|f|
Gui|f|
Guillema|f|
Guillemette|f|
Guinevere|f|
Guinna|f|
Gunilla|f|
Gunvor|f|
Gus|f|
Gusella|f|
Gussi|f|
Gussie|f|
Gussy|f|
Gusta|f|
Gusti|f|
Gustie|f|
Gusty|f|
Gwen|f|
Gwendolen|f|
Gwendolin|f|
Gwendolyn|f|
Gweneth|f|
Gwenette|f|
Gwenn|f|
Gwenneth|f|
Gwenni|f|
Gwennie|f|
Gwenny|f|
Gwenora|f|
Gwenore|f|
Gwyn|f|
Gwyneth|f|
Gwynne|f|
Gypsy|f|
Hadria|f|
Hailee|f|
Haily|f|
Haleigh|f|
Halette|f|
Haley|f|
Hali|f|
Halie|f|
Halimeda|f|
Halley|f|
Halli|f|
Hallie|f|
Hally|f|
Hana|f|
Hanna|f|
Hannah|f|
Hanni|f|
Hannibal|f|
Hannie|f|
Hannis|f|
Hanny|f|
Happy|f|
Harlene|f|
Harley|f|
Harli|f|
Harlie|f|
Harmonia|f|
Harmonie|f|
Harmony|f|
Harri|f|
Harrie|f|
Harriet|f|
Harriett|f|
Harrietta|f|
Harriette|f|
Harriot|f|
Harriott|f|
Hatti|f|
Hattie|f|
Hatty|f|
Havivah|f|
Hayley|f|
Hazel|f|
Heath|f|
Heather|f|
Heda|f|
Hedda|f|
Heddi|f|
Heddie|f|
Hedi|f|
Hedvig|f|
Hedwig|f|
Hedy|f|
Heida|f|
Heide|f|
Heidi|f|
Heidie|f|
Helaina|f|
Helaine|f|
Helen|f|
Helen-Elizabeth|f|
Helena|f|
Helene|f|
Helga|f|
Helge|f|
Helise|f|
Hellene|f|
Helli|f|
Heloise|f|
Helsa|f|
Helyn|f|
Hendrika|f|
Henka|f|
Henrie|f|
Henrieta|f|
Henrietta|f|
Henriette|f|
Henryetta|f|
Hephzibah|f|
Hermia|f|
Hermina|f|
Hermine|f|
Herminia|f|
Hermione|f|
Herta|f|
Hertha|f|
Hester|f|
Hesther|f|
Hestia|f|
Hetti|f|
Hettie|f|
Hetty|f|
Hilarie|f|
Hilary|f|
Hilda|f|
Hildagard|f|
Hildagarde|f|
Hilde|f|
Hildegaard|f|
Hildegarde|f|
Hildy|f|
Hillary|f|
Hilliary|f|
Hinda|f|
Holley|f|
Holli|f|
Hollie|f|
Holly|f|
Holly-Anne|f|
Hollyanne|f|
Honey|f|
Honor|f|
Honoria|f|
Hope|f|
Horatia|f|
Hortense|f|
Hortensia|f|
Hulda|f|
Hyacinth|f|
Hyacintha|f|
Hyacinthe|f|
Hyacinthia|f|
Hyacinthie|f|
Hynda|f|
Ianthe|f|
Ibbie|f|
Ibby|f|
Ida|f|
Idalia|f|
Idalina|f|
Idaline|f|
Idell|f|
Idelle|f|
Idette|f|
Ike|f|
Ikey|f|
Ilana|f|
Ileana|f|
Ileane|f|
Ilene|f|
Ilise|f|
Ilka|f|
Illa|f|
Ilona|f|
Ilsa|f|
Ilse|f|
Ilysa|f|
Ilyse|f|
Ilyssa|f|
Imelda|f|
Imogen|f|
Imogene|f|
Imojean|f|
Ina|f|
Inci|f|
Indira|f|
Ines|f|
Inesita|f|
Inessa|f|
Inez|f|
Inga|f|
Ingaberg|f|
Ingaborg|f|
Inge|f|
Ingeberg|f|
Ingeborg|f|
Inger|f|
Ingrid|f|
Ingunna|f|
Inna|f|
Ioana|f|
Iolande|f|
Iolanthe|f|
Iona|f|
Iormina|f|
Ira|f|
Irena|f|
Irene|f|
Irina|f|
Iris|f|
Irita|f|
Irma|f|
Isa|f|
Isabeau|f|
Isabel|f|
Isabelita|f|
Isabella|f|
Isabelle|f|
Isador|f|
Isadora|f|
Isadore|f|
Isahella|f|
Iseabal|f|
Isidora|f|
Isis|f|
Isobel|f|
Issi|f|
Issie|f|
Issy|f|
Ivett|f|
Ivette|f|
Ivie|f|
Ivonne|f|
Ivory|f|
Ivy|f|
Izabel|f|
Izzi|f|
Jacenta|f|
Jacinda|f|
Jacinta|f|
Jacintha|f|
Jacinthe|f|
Jackelyn|f|
Jacki|f|
Jackie|f|
Jacklin|f|
Jacklyn|f|
Jackquelin|f|
Jackqueline|f|
Jacky|f|
Jaclin|f|
Jaclyn|f|
Jacquelin|f|
Jacqueline|f|
Jacquelyn|f|
Jacquelynn|f|
Jacquenetta|f|
Jacquenette|f|
Jacquetta|f|
Jacquette|f|
Jacqui|f|
Jacquie|f|
Jacynth|f|
Jada|f|
Jade|f|
Jaime|f|
Jaimie|f|
Jaine|f|
Jaleh|f|
Jami|f|
Jamie|f|
Jamima|f|
Jammie|f|
Jan|f|
Jana|f|
Janaya|f|
Janaye|f|
Jandy|f|
Jane|f|
Janean|f|
Janeczka|f|
Janeen|f|
Janel|f|
Janela|f|
Janella|f|
Janelle|f|
Janene|f|
Janenna|f|
Janessa|f|
Janet|f|
Janeta|f|
Janetta|f|
Janette|f|
Janeva|f|
Janey|f|
Jania|f|
Janice|f|
Janie|f|
Janifer|f|
Janina|f|
Janine|f|
Janis|f|
Janith|f|
Janka|f|
Janna|f|
Jannel|f|
Jannelle|f|
Janot|f|
Jany|f|
Jaquelin|f|
Jaquelyn|f|
Jaquenetta|f|
Jaquenette|f|
Jaquith|f|
Jasmin|f|
Jasmina|f|
Jasmine|f|
Jayme|f|
Jaymee|f|
Jayne|f|
Jaynell|f|
Jazmin|f|
Jean|f|
Jeana|f|
Jeane|f|
Jeanelle|f|
Jeanette|f|
Jeanie|f|
Jeanine|f|
Jeanna|f|
Jeanne|f|
Jeannette|f|
Jeannie|f|
Jeannine|f|
Jehanna|f|
Jelene|f|
Jemie|f|
Jemima|f|
Jemimah|f|
Jemmie|f|
Jemmy|f|
Jen|f|
Jena|f|
Jenda|f|
Jenelle|f|
Jenette|f|
Jeni|f|
Jenica|f|
Jeniece|f|
Jenifer|f|
Jeniffer|f|
Jenilee|f|
Jenine|f|
Jenn|f|
Jenna|f|
Jennee|f|
Jennette|f|
Jenni|f|
Jennica|f|
Jennie|f|
Jennifer|f|
Jennilee|f|
Jennine|f|
Jenny|f|
Jeraldine|f|
Jeralee|f|
Jere|f|
Jeri|f|
Jermaine|f|
Jerrie|f|
Jerrilee|f|
Jerrilyn|f|
Jerrine|f|
Jerry|f|
Jerrylee|f|
Jess|f|
Jessa|f|
Jessalin|f|
Jessalyn|f|
Jessamine|f|
Jessamyn|f|
Jesse|f|
Jesselyn|f|
Jessi|f|
Jessica|f|
Jessie|f|
Jessika|f|
Jessy|f|
Jewel|f|
Jewell|f|
Jewelle|f|
Jill|f|
Jillana|f|
Jillane|f|
Jillayne|f|
Jilleen|f|
Jillene|f|
Jilli|f|
Jillian|f|
Jillie|f|
Jilly|f|
Jinny|f|
Jo|f|
Jo Ann|f|
Jo-Ann|f|
Jo-Anne|f|
JoAnn|f|
JoAnne|f|
Joan|f|
Joana|f|
Joane|f|
Joanie|f|
Joann|f|
Joanna|f|
Joanne|f|
Joannes|f|
Jobey|f|
Jobi|f|
Jobie|f|
Jobina|f|
Joby|f|
Jobye|f|
Jobyna|f|
Jocelin|f|
Joceline|f|
Jocelyn|f|
Jocelyne|f|
Jodee|f|
Jodi|f|
Jodie|f|
Jody|f|
Joela|f|
Joelie|f|
Joell|f|
Joella|f|
Joelle|f|
Joellen|f|
Joelly|f|
Joellyn|f|
Joelynn|f|
Joete|f|
Joey|f|
Johanna|f|
Johannah|f|
Johnette|f|
Johnna|f|
Joice|f|
Jojo|f|
Jolee|f|
Joleen|f|
Jolene|f|
Joletta|f|
Joli|f|
Jolie|f|
Joline|f|
Joly|f|
Jolyn|f|
Jolynn|f|
Jonell|f|
Joni|f|
Jonie|f|
Jonis|f|
Jordain|f|
Jordan|f|
Jordana|f|
Jordanna|f|
Jorey|f|
Jori|f|
Jorie|f|
Jorrie|f|
Jorry|f|
Joscelin|f|
Josee|f|
Josefa|f|
Josefina|f|
Joselyn|f|
Josepha|f|
Josephina|f|
Josephine|f|
Josey|f|
Josi|f|
Josie|f|
Joslyn|f|
Josselyn|f|
Josy|f|
Jourdan|f|
Joy|f|
Joya|f|
Joyan|f|
Joyann|f|
Joyce|f|
Joycelin|f|
Joye|f|
Joyous|f|
Juana|f|
Juanita|f|
Jude|f|
Judi|f|
Judie|f|
Judith|f|
Juditha|f|
Judy|f|
Judye|f|
Julee|f|
Juli|f|
Julia|f|
Juliana|f|
Juliane|f|
Juliann|f|
Julianna|f|
Julianne|f|
Julie|f|
Julienne|f|
Juliet|f|
Julieta|f|
Julietta|f|
Juliette|f|
Julina|f|
Juline|f|
Julissa|f|
Julita|f|
June|f|
Junette|f|
Junia|f|
Junie|f|
Junina|f|
Justin|f|
Justina|f|
Justine|f|
Jyoti|f|
Kacey|f|
Kacie|f|
Kacy|f|
Kai|f|
Kaia|f|
Kaila|f|
Kaile|f|
Kailey|f|
Kaitlin|f|
Kaitlyn|f|
Kaitlynn|f|
Kaja|f|
Kakalina|f|
Kala|f|
Kaleena|f|
Kali|f|
Kalie|f|
Kalila|f|
Kalina|f|
Kalinda|f|
Kalindi|f|
Kalli|f|
Kally|f|
Kameko|f|
Kamila|f|
Kamilah|f|
Kamillah|f|
Kandace|f|
Kandy|f|
Kania|f|
Kanya|f|
Kara|f|
Kara-Lynn|f|
Karalee|f|
Karalynn|f|
Kare|f|
Karee|f|
Karel|f|
Karen|f|
Karena|f|
Kari|f|
Karia|f|
Karie|f|
Karil|f|
Karilynn|f|
Karin|f|
Karina|f|
Karine|f|
Kariotta|f|
Karisa|f|
Karissa|f|
Karita|f|
Karla|f|
Karlee|f|
Karleen|f|
Karlen|f|
Karlene|f|
Karlie|f|
Karlotta|f|
Karlotte|f|
Karly|f|
Karlyn|f|
Karmen|f|
Karna|f|
Karol|f|
Karola|f|
Karole|f|
Karolina|f|
Karoline|f|
Karoly|f|
Karon|f|
Karrah|f|
Karrie|f|
Karry|f|
Kary|f|
Karyl|f|
Karylin|f|
Karyn|f|
Kasey|f|
Kass|f|
Kassandra|f|
Kassey|f|
Kassi|f|
Kassia|f|
Kassie|f|
Kaster|f|
Kat|f|
Kata|f|
Katalin|f|
Kate|f|
Katee|f|
Katerina|f|
Katerine|f|
Katey|f|
Kath|f|
Katha|f|
Katharina|f|
Katharine|f|
Katharyn|f|
Kathe|f|
Katheleen|f|
Katherina|f|
Katherine|f|
Katheryn|f|
Kathi|f|
Kathie|f|
Kathleen|f|
Kathlene|f|
Kathlin|f|
Kathrine|f|
Kathryn|f|
Kathryne|f|
Kathy|f|
Kathye|f|
Kati|f|
Katie|f|
Katina|f|
Katine|f|
Katinka|f|
Katleen|f|
Katlin|f|
Katrina|f|
Katrine|f|
Katrinka|f|
Katti|f|
Kattie|f|
Katuscha|f|
Katusha|f|
Katy|f|
Katya|f|
Kay|f|
Kaycee|f|
Kaye|f|
Kayla|f|
Kayle|f|
Kaylee|f|
Kayley|f|
Kaylil|f|
Kaylyn|f|
Kee|f|
Keeley|f|
Keelia|f|
Keely|f|
Kelcey|f|
Kelci|f|
Kelcie|f|
Kelcy|f|
Kelila|f|
Kellen|f|
Kelley|f|
Kelli|f|
Kellia|f|
Kellie|f|
Kellina|f|
Kellsie|f|
Kelly|f|
Kellyann|f|
Kelsey|f|
Kelsi|f|
Kelsy|f|
Kendra|f|
Kendre|f|
Kenna|f|
Keren|f|
Keri|f|
Keriann|f|
Kerianne|f|
Kerri|f|
Kerrie|f|
Kerrill|f|
Kerrin|f|
Kerry|f|
Kerstin|f|
Kesley|f|
Keslie|f|
Kessia|f|
Kessiah|f|
Ketti|f|
Kettie|f|
Ketty|f|
Kevina|f|
Kevyn|f|
Ki|f|
Kia|f|
Kiah|f|
Kial|f|
Kiele|f|
Kiersten|f|
Kikelia|f|
Kiley|f|
Kim|f|
Kimberlee|f|
Kimberley|f|
Kimberli|f|
Kimberly|f|
Kimberlyn|f|
Kimbra|f|
Kimmi|f|
Kimmie|f|
Kimmy|f|
Kinna|f|
Kip|f|
Kipp|f|
Kippie|f|
Kippy|f|
Kira|f|
Kirbee|f|
Kirbie|f|
Kirby|f|
Kiri|f|
Kirsten|f|
Kirsteni|f|
Kirsti|f|
Kirstie|f|
Kirstin|f|
Kirstyn|f|
Kissee|f|
Kissiah|f|
Kissie|f|
Kit|f|
Kitti|f|
Kittie|f|
Kitty|f|
Kizzee|f|
Kizzie|f|
Klara|f|
Klarika|f|
Klarrisa|f|
Konstance|f|
Konstanze|f|
Koo|f|
Kora|f|
Koral|f|
Koralle|f|
Kordula|f|
Kore|f|
Korella|f|
Koren|f|
Koressa|f|
Kori|f|
Korie|f|
Korney|f|
Korrie|f|
Korry|f|
Kourtney|f|
Kris|f|
Krissie|f|
Krissy|f|
Krista|f|
Kristal|f|
Kristan|f|
Kriste|f|
Kristel|f|
Kristen|f|
Kristi|f|
Kristien|f|
Kristin|f|
Kristina|f|
Kristine|f|
Kristy|f|
Kristyn|f|
Krysta|f|
Krystal|f|
Krystalle|f|
Krystle|f|
Krystyna|f|
Kyla|f|
Kyle|f|
Kylen|f|
Kylie|f|
Kylila|f|
Kylynn|f|
Kym|f|
Kynthia|f|
Kyrstin|f|
La|f|
Lacee|f|
Lacey|f|
Lacie|f|
Lacy|f|
Ladonna|f|
Laetitia|f|
Laila|f|
Laina|f|
Lainey|f|
Lamb|f|
Lana|f|
Lane|f|
Lanette|f|
Laney|f|
Lani|f|
Lanie|f|
Lanita|f|
Lanna|f|
Lanni|f|
Lanny|f|
Lara|f|
Laraine|f|
Lari|f|
Larina|f|
Larine|f|
Larisa|f|
Larissa|f|
Lark|f|
Laryssa|f|
Latashia|f|
Latia|f|
Latisha|f|
Latrena|f|
Latrina|f|
Laura|f|
Lauraine|f|
Laural|f|
Lauralee|f|
Laure|f|
Lauree|f|
Laureen|f|
Laurel|f|
Laurella|f|
Lauren|f|
Laurena|f|
Laurene|f|
Lauretta|f|
Laurette|f|
Lauri|f|
Laurianne|f|
Laurice|f|
Laurie|f|
Lauryn|f|
Lavena|f|
Laverna|f|
Laverne|f|
Lavina|f|
Lavinia|f|
Lavinie|f|
Layla|f|
Layne|f|
Layney|f|
Lea|f|
Leah|f|
Leandra|f|
Leann|f|
Leanna|f|
Leanne|f|
Leanor|f|
Leanora|f|
Lebbie|f|
Leda|f|
Lee|f|
LeeAnn|f|
Leeann|f|
Leeanne|f|
Leela|f|
Leelah|f|
Leena|f|
Leesa|f|
Leese|f|
Legra|f|
Leia|f|
Leiah|f|
Leigh|f|
Leigha|f|
Leila|f|
Leilah|f|
Leisha|f|
Lela|f|
Lelah|f|
Leland|f|
Lelia|f|
Lena|f|
Lenee|f|
Lenette|f|
Lenka|f|
Lenna|f|
Lenora|f|
Lenore|f|
Leodora|f|
Leoine|f|
Leola|f|
Leoline|f|
Leona|f|
Leonanie|f|
Leone|f|
Leonelle|f|
Leonie|f|
Leonora|f|
Leonore|f|
Leontine|f|
Leontyne|f|
Leora|f|
Leorah|f|
Leshia|f|
Lesley|f|
Lesli|f|
Leslie|f|
Lesly|f|
Lesya|f|
Leta|f|
Lethia|f|
Leticia|f|
Letisha|f|
Letitia|f|
Letta|f|
Letti|f|
Lettie|f|
Letty|f|
Leyla|f|
Lezlie|f|
Lia|f|
Lian|f|
Liana|f|
Liane|f|
Lianna|f|
Lianne|f|
Lib|f|
Libbey|f|
Libbi|f|
Libbie|f|
Libby|f|
Licha|f|
Lida|f|
Lidia|f|
Lil|f|
Lila|f|
Lilah|f|
Lilas|f|
Lilia|f|
Lilian|f|
Liliane|f|
Lilias|f|
Lilith|f|
Lilla|f|
Lilli|f|
Lillian|f|
Lillis|f|
Lilllie|f|
Lilly|f|
Lily|f|
Lilyan|f|
Lin|f|
Lina|f|
Lind|f|
Linda|f|
Lindi|f|
Lindie|f|
Lindsay|f|
Lindsey|f|
Lindsy|f|
Lindy|f|
Linea|f|
Linell|f|
Linet|f|
Linette|f|
Linn|f|
Linnea|f|
Linnell|f|
Linnet|f|
Linnie|f|
Linzy|f|
Liora|f|
Liorah|f|
Lira|f|
Lisa|f|
Lisabeth|f|
Lisandra|f|
Lisbeth|f|
Lise|f|
Lisetta|f|
Lisette|f|
Lisha|f|
Lishe|f|
Lissa|f|
Lissi|f|
Lissie|f|
Lissy|f|
Lita|f|
Liuka|f|
Livia|f|
Liz|f|
Liza|f|
Lizabeth|f|
Lizbeth|f|
Lizette|f|
Lizzie|f|
Lizzy|f|
Loella|f|
Lois|f|
Loise|f|
Lola|f|
Lolande|f|
Loleta|f|
Lolita|f|
Lolly|f|
Lona|f|
Lonee|f|
Loni|f|
Lonna|f|
Lonni|f|
Lonnie|f|
Lora|f|
Lorain|f|
Loraine|f|
Loralee|f|
Loralie|f|
Loralyn|f|
Loree|f|
Loreen|f|
Lorelei|f|
Lorelle|f|
Loren|f|
Lorena|f|
Lorene|f|
Lorenza|f|
Loretta|f|
Lorettalorna|f|
Lorette|f|
Lori|f|
Loria|f|
Lorianna|f|
Lorianne|f|
Lorie|f|
Lorilee|f|
Lorilyn|f|
Lorinda|f|
Lorine|f|
Lorita|f|
Lorna|f|
Lorne|f|
Lorraine|f|
Lorrayne|f|
Lorri|f|
Lorrie|f|
Lorrin|f|
Lorry|f|
Lory|f|
Lotta|f|
Lotte|f|
Lotti|f|
Lottie|f|
Lotty|f|
Lou|f|
Louella|f|
Louisa|f|
Louise|f|
Louisette|f|
Love|f|
Luana|f|
Luanna|f|
Luce|f|
Luci|f|
Lucia|f|
Luciana|f|
Lucie|f|
Lucienne|f|
Lucila|f|
Lucilia|f|
Lucille|f|
Lucina|f|
Lucinda|f|
Lucine|f|
Lucita|f|
Lucky|f|
Lucretia|f|
Lucy|f|
Luella|f|
Luelle|f|
Luisa|f|
Luise|f|
Lula|f|
Lulita|f|
Lulu|f|
Luna|f|
Lura|f|
Lurette|f|
Lurleen|f|
Lurlene|f|
Lurline|f|
Lusa|f|
Lust|f|
Lyda|f|
Lydia|f|
Lydie|f|
Lyn|f|
Lynda|f|
Lynde|f|
Lyndel|f|
Lyndell|f|
Lyndsay|f|
Lyndsey|f|
Lyndsie|f|
Lyndy|f|
Lynea|f|
Lynelle|f|
Lynett|f|
Lynette|f|
Lynn|f|
Lynna|f|
Lynne|f|
Lynnea|f|
Lynnell|f|
Lynnelle|f|
Lynnet|f|
Lynnett|f|
Lynnette|f|
Lynsey|f|
Lysandra|f|
Lyssa|f|
Mab|f|
Mabel|f|
Mabelle|f|
Mable|f|
Mada|f|
Madalena|f|
Madalyn|f|
Maddalena|f|
Maddi|f|
Maddie|f|
Maddy|f|
Madel|f|
Madelaine|f|
Madeleine|f|
Madelena|f|
Madelene|f|
Madelin|f|
Madelina|f|
Madeline|f|
Madella|f|
Madelle|f|
Madelon|f|
Madelyn|f|
Madge|f|
Madlen|f|
Madlin|f|
Madona|f|
Madonna|f|
Mady|f|
Mae|f|
Maegan|f|
Mag|f|
Magda|f|
Magdaia|f|
Magdalen|f|
Magdalena|f|
Magdalene|f|
Maggee|f|
Maggi|f|
Maggie|f|
Maggy|f|
Magna|f|
Mahala|f|
Mahalia|f|
Maia|f|
Maible|f|
Maiga|f|
Mair|f|
Maire|f|
Mairead|f|
Maisey|f|
Maisie|f|
Mala|f|
Malanie|f|
Malcah|f|
Malena|f|
Malia|f|
Malina|f|
Malinda|f|
Malinde|f|
Malissa|f|
Malissia|f|
Malka|f|
Malkah|f|
Mallissa|f|
Mallorie|f|
Mallory|f|
Malorie|f|
Malory|f|
Malva|f|
Malvina|f|
Malynda|f|
Mame|f|
Mamie|f|
Manda|f|
Mandi|f|
Mandie|f|
Mandy|f|
Manon|f|
Manya|f|
Mara|f|
Marabel|f|
Marcela|f|
Marcelia|f|
Marcella|f|
Marcelle|f|
Marcellina|f|
Marcelline|f|
Marchelle|f|
Marci|f|
Marcia|f|
Marcie|f|
Marcile|f|
Marcille|f|
Marcy|f|
Mareah|f|
Maren|f|
Marena|f|
Maressa|f|
Marga|f|
Margalit|f|
Margalo|f|
Margaret|f|
Margareta|f|
Margarete|f|
Margaretha|f|
Margarethe|f|
Margaretta|f|
Margarette|f|
Margarita|f|
Margaux|f|
Marge|f|
Margeaux|f|
Margery|f|
Marget|f|
Margette|f|
Margi|f|
Margie|f|
Margit|f|
Marglerite|f|
Margo|f|
Margot|f|
Margret|f|
Marguerite|f|
Margurite|f|
Margy|f|
Mari|f|
Maria|f|
Mariam|f|
Marian|f|
Mariana|f|
Mariann|f|
Marianna|f|
Marianne|f|
Maribel|f|
Maribelle|f|
Maribeth|f|
Marice|f|
Maridel|f|
Marie|f|
Marie-Ann|f|
Marie-Jeanne|f|
Marieann|f|
Mariejeanne|f|
Mariel|f|
Mariele|f|
Marielle|f|
Mariellen|f|
Marietta|f|
Mariette|f|
Marigold|f|
Marijo|f|
Marika|f|
Marilee|f|
Marilin|f|
Marillin|f|
Marilyn|f|
Marin|f|
Marina|f|
Marinna|f|
Marion|f|
Mariquilla|f|
Maris|f|
Marisa|f|
Mariska|f|
Marissa|f|
Marit|f|
Marita|f|
Maritsa|f|
Mariya|f|
Marj|f|
Marja|f|
Marje|f|
Marji|f|
Marjie|f|
Marjorie|f|
Marjory|f|
Marjy|f|
Marketa|f|
Marla|f|
Marlane|f|
Marleah|f|
Marlee|f|
Marleen|f|
Marlena|f|
Marlene|f|
Marley|f|
Marlie|f|
Marline|f|
Marlo|f|
Marlyn|f|
Marna|f|
Marne|f|
Marney|f|
Marni|f|
Marnia|f|
Marnie|f|
Marquita|f|
Marrilee|f|
Marris|f|
Marrissa|f|
Marry|f|
Marsha|f|
Marsiella|f|
Marta|f|
Martelle|f|
Martguerita|f|
Martha|f|
Marthe|f|
Marthena|f|
Marti|f|
Martica|f|
Martie|f|
Martina|f|
Martita|f|
Marty|f|
Martynne|f|
Mary|f|
Marya|f|
Maryangelyn|f|
Maryann|f|
Maryanna|f|
Maryanne|f|
Marybelle|f|
Marybeth|f|
Maryellen|f|
Maryjane|f|
Maryjo|f|
Maryl|f|
Marylee|f|
Marylin|f|
Marylinda|f|
Marylou|f|
Marylynne|f|
Maryrose|f|
Marys|f|
Marysa|f|
Masha|f|
Matelda|f|
Mathilda|f|
Mathilde|f|
Matilda|f|
Matilde|f|
Matti|f|
Mattie|f|
Matty|f|
Maud|f|
Maude|f|
Maudie|f|
Maura|f|
Maure|f|
Maureen|f|
Maureene|f|
Maurene|f|
Maurine|f|
Maurise|f|
Maurita|f|
Mavis|f|
Mavra|f|
Max|f|
Maxi|f|
Maxie|f|
Maxine|f|
Maxy|f|
May|f|
Maya|f|
Maybelle|f|
Mayda|f|
Maye|f|
Mead|f|
Meade|f|
Meagan|f|
Meaghan|f|
Meara|f|
Mechelle|f|
Meg|f|
Megan|f|
Megen|f|
Meggan|f|
Meggi|f|
Meggie|f|
Meggy|f|
Meghan|f|
Meghann|f|
Mehetabel|f|
Mei|f|
Meira|f|
Mel|f|
Mela|f|
Melamie|f|
Melania|f|
Melanie|f|
Melantha|f|
Melany|f|
Melba|f|
Melesa|f|
Melessa|f|
Melicent|f|
Melina|f|
Melinda|f|
Melinde|f|
Melisa|f|
Melisande|f|
Melisandra|f|
Melisenda|f|
Melisent|f|
Melissa|f|
Melisse|f|
Melita|f|
Melitta|f|
Mella|f|
Melli|f|
Mellicent|f|
Mellie|f|
Mellisa|f|
Mellisent|f|
Mellissa|f|
Melloney|f|
Melly|f|
Melodee|f|
Melodie|f|
Melody|f|
Melonie|f|
Melony|f|
Melosa|f|
Melva|f|
Mercedes|f|
Merci|f|
Mercie|f|
Mercy|f|
Meredith|f|
Meredithe|f|
Meridel|f|
Meridith|f|
Meriel|f|
Merilee|f|
Merilyn|f|
Meris|f|
Merissa|f|
Merl|f|
Merla|f|
Merle|f|
Merlina|f|
Merline|f|
Merna|f|
Merola|f|
Merralee|f|
Merridie|f|
Merrie|f|
Merrielle|f|
Merrile|f|
Merrilee|f|
Merrili|f|
Merrill|f|
Merrily|f|
Merry|f|
Mersey|f|
Meryl|f|
Meta|f|
Mia|f|
Micaela|f|
Michaela|f|
Michaelina|f|
Michaeline|f|
Michaella|f|
Michal|f|
Michel|f|
Michele|f|
Michelina|f|
Micheline|f|
Michell|f|
Michelle|f|
Micki|f|
Mickie|f|
Micky|f|
Midge|f|
Mignon|f|
Mignonne|f|
Miguela|f|
Miguelita|f|
Mildred|f|
Mildrid|f|
Milena|f|
Milicent|f|
Milissent|f|
Milka|f|
Milli|f|
Millicent|f|
Millie|f|
Millisent|f|
Milly|f|
Milzie|f|
Mimi|f|
Min|f|
Mina|f|
Minda|f|
Mindy|f|
Minerva|f|
Minetta|f|
Minette|f|
Minna|f|
Minni|f|
Minnie|f|
Minny|f|
Minta|f|
Miquela|f|
Mira|f|
Mirabel|f|
Mirabella|f|
Mirabelle|f|
Miran|f|
Miranda|f|
Mireielle|f|
Mireille|f|
Mirella|f|
Mirelle|f|
Miriam|f|
Mirilla|f|
Mirna|f|
Misha|f|
Missie|f|
Missy|f|
Misti|f|
Misty|f|
Mitra|f|
Mitzi|f|
Mmarianne|f|
Modesta|f|
Modestia|f|
Modestine|f|
Modesty|f|
Moina|f|
Moira|f|
Moll|f|
Mollee|f|
Molli|f|
Mollie|f|
Molly|f|
Mommy|f|
Mona|f|
Monah|f|
Monica|f|
Monika|f|
Monique|f|
Mora|f|
Moreen|f|
Morena|f|
Morgan|f|
Morgana|f|
Morganica|f|
Morganne|f|
Morgen|f|
Moria|f|
Morissa|f|
Morlee|f|
Morna|f|
Moselle|f|
Moya|f|
Moyna|f|
Moyra|f|
Mozelle|f|
Muffin|f|
Mufi|f|
Mufinella|f|
Muire|f|
Mureil|f|
Murial|f|
Muriel|f|
Murielle|f|
Myna|f|
Myra|f|
Myrah|f|
Myranda|f|
Myriam|f|
Myrilla|f|
Myrle|f|
Myrlene|f|
Myrna|f|
Myrta|f|
Myrtia|f|
Myrtice|f|
Myrtie|f|
Myrtle|f|
Nada|f|
Nadean|f|
Nadeen|f|
Nadia|f|
Nadine|f|
Nadiya|f|
Nady|f|
Nadya|f|
Nalani|f|
Nan|f|
Nana|f|
Nananne|f|
Nance|f|
Nancee|f|
Nancey|f|
Nanci|f|
Nancie|f|
Nancy|f|
Nanete|f|
Nanette|f|
Nani|f|
Nanice|f|
Nanine|f|
Nannette|f|
Nanni|f|
Nannie|f|
Nanny|f|
Nanon|f|
Naoma|f|
Naomi|f|
Nara|f|
Nari|f|
Nariko|f|
Nat|f|
Nata|f|
Natala|f|
Natalee|f|
Natalia|f|
Natalie|f|
Natalina|f|
Nataline|f|
Natalya|f|
Natasha|f|
Natassia|f|
Nathalia|f|
Nathalie|f|
Natka|f|
Natty|f|
Neala|f|
Neda|f|
Nedda|f|
Nedi|f|
Neely|f|
Neila|f|
Neile|f|
Neilla|f|
Neille|f|
Nela|f|
Nelia|f|
Nelie|f|
Nell|f|
Nelle|f|
Nelli|f|
Nellie|f|
Nelly|f|
Nena|f|
Nerissa|f|
Nerita|f|
Nert|f|
Nerta|f|
Nerte|f|
Nerti|f|
Nertie|f|
Nerty|f|
Nessa|f|
Nessi|f|
Nessie|f|
Nessy|f|
Nesta|f|
Netta|f|
Netti|f|
Nettie|f|
Nettle|f|
Netty|f|
Nevsa|f|
Neysa|f|
Nichol|f|
Nichole|f|
Nicholle|f|
Nicki|f|
Nickie|f|
Nicky|f|
Nicol|f|
Nicola|f|
Nicole|f|
Nicolea|f|
Nicolette|f|
Nicoli|f|
Nicolina|f|
Nicoline|f|
Nicolle|f|
Nidia|f|
Nike|f|
Niki|f|
Nikki|f|
Nikkie|f|
Nikoletta|f|
Nikolia|f|
Nil|f|
Nina|f|
Ninetta|f|
Ninette|f|
Ninnetta|f|
Ninnette|f|
Ninon|f|
Nisa|f|
Nissa|f|
Nisse|f|
Nissie|f|
Nissy|f|
Nita|f|
Nitin|f|
Nixie|f|
Noami|f|
Noel|f|
Noelani|f|
Noell|f|
Noella|f|
Noelle|f|
Noellyn|f|
Noelyn|f|
Noemi|f|
Nola|f|
Nolana|f|
Nolie|f|
Nollie|f|
Nomi|f|
Nona|f|
Nonah|f|
Noni|f|
Nonie|f|
Nonna|f|
Nonnah|f|
Nora|f|
Norah|f|
Norean|f|
Noreen|f|
Norene|f|
Norina|f|
Norine|f|
Norma|f|
Norri|f|
Norrie|f|
Norry|f|
Nova|f|
Novelia|f|
Nydia|f|
Nyssa|f|
Octavia|f|
Odele|f|
Odelia|f|
Odelinda|f|
Odella|f|
Odelle|f|
Odessa|f|
Odetta|f|
Odette|f|
Odilia|f|
Odille|f|
Ofelia|f|
Ofella|f|
Ofilia|f|
Ola|f|
Olenka|f|
Olga|f|
Olia|f|
Olimpia|f|
Olive|f|
Olivette|f|
Olivia|f|
Olivie|f|
Oliy|f|
Ollie|f|
Olly|f|
Olva|f|
Olwen|f|
Olympe|f|
Olympia|f|
Olympie|f|
Ondrea|f|
Oneida|f|
Onida|f|
Onlea|f|
Oona|f|
Opal|f|
Opalina|f|
Opaline|f|
Ophelia|f|
Ophelie|f|
Oprah|f|
Ora|f|
Oralee|f|
Oralia|f|
Oralie|f|
Oralla|f|
Oralle|f|
Orel|f|
Orelee|f|
Orelia|f|
Orelie|f|
Orella|f|
Orelle|f|
Oreste|f|
Oriana|f|
Orly|f|
Orsa|f|
Orsola|f|
Ortensia|f|
Otha|f|
Othelia|f|
Othella|f|
Othilia|f|
Othilie|f|
Ottilie|f|
Pacifica|f|
Page|f|
Paige|f|
Paloma|f|
Pam|f|
Pamela|f|
Pamelina|f|
Pamella|f|
Pammi|f|
Pammie|f|
Pammy|f|
Pandora|f|
Pansie|f|
Pansy|f|
Paola|f|
Paolina|f|
Parwane|f|
Pat|f|
Patience|f|
Patrica|f|
Patrice|f|
Patricia|f|
Patrizia|f|
Patsy|f|
Patti|f|
Pattie|f|
Patty|f|
Paula|f|
Paula-Grace|f|
Paule|f|
Pauletta|f|
Paulette|f|
Pauli|f|
Paulie|f|
Paulina|f|
Pauline|f|
Paulita|f|
Pauly|f|
Pavia|f|
Pavla|f|
Pearl|f|
Pearla|f|
Pearle|f|
Pearline|f|
Peg|f|
Pegeen|f|
Peggi|f|
Peggie|f|
Peggy|f|
Pen|f|
Penelopa|f|
Penelope|f|
Penni|f|
Pennie|f|
Penny|f|
Pepi|f|
Pepita|f|
Peri|f|
Peria|f|
Perl|f|
Perla|f|
Perle|f|
Perri|f|
Perrine|f|
Perry|f|
Persis|f|
Pet|f|
Peta|f|
Petra|f|
Petrina|f|
Petronella|f|
Petronia|f|
Petronilla|f|
Petronille|f|
Petunia|f|
Phaedra|f|
Phaidra|f|
Phebe|f|
Phedra|f|
Phelia|f|
Phil|f|
Philipa|f|
Philippa|f|
Philippe|f|
Philippine|f|
Philis|f|
Phillida|f|
Phillie|f|
Phillis|f|
Philly|f|
Philomena|f|
Phoebe|f|
Phylis|f|
Phyllida|f|
Phyllis|f|
Phyllys|f|
Phylys|f|
Pia|f|
Pier|f|
Pierette|f|
Pierrette|f|
Pietra|f|
Piper|f|
Pippa|f|
Pippy|f|
Polly|f|
Pollyanna|f|
Pooh|f|
Poppy|f|
Portia|f|
Pris|f|
Prisca|f|
Priscella|f|
Priscilla|f|
Prissie|f|
Pru|f|
Prudence|f|
Prudi|f|
Prudy|f|
Prue|f|
Prunella|f|
Queada|f|
Queenie|f|
Quentin|f|
Querida|f|
Quinn|f|
Quinta|f|
Quintana|f|
Quintilla|f|
Quintina|f|
Rachael|f|
Rachel|f|
Rachele|f|
Rachelle|f|
Rae|f|
Raf|f|
Rafa|f|
Rafaela|f|
Rafaelia|f|
Rafaelita|f|
Ragnhild|f|
Rahal|f|
Rahel|f|
Raina|f|
Raine|f|
Rakel|f|
Ralina|f|
Ramona|f|
Ramonda|f|
Rana|f|
Randa|f|
Randee|f|
Randene|f|
Randi|f|
Randie|f|
Randy|f|
Ranee|f|
Rani|f|
Rania|f|
Ranice|f|
Ranique|f|
Ranna|f|
Raphaela|f|
Raquel|f|
Raquela|f|
Rasia|f|
Rasla|f|
Raven|f|
Ray|f|
Raychel|f|
Raye|f|
Rayna|f|
Raynell|f|
Rayshell|f|
Rea|f|
Reba|f|
Rebbecca|f|
Rebe|f|
Rebeca|f|
Rebecca|f|
Rebecka|f|
Rebeka|f|
Rebekah|f|
Rebekkah|f|
Ree|f|
Reeba|f|
Reena|f|
Reeta|f|
Reeva|f|
Regan|f|
Reggi|f|
Reggie|f|
Regina|f|
Regine|f|
Reiko|f|
Reina|f|
Reine|f|
Remy|f|
Rena|f|
Renae|f|
Renata|f|
Renate|f|
Rene|f|
Renee|f|
Renel|f|
Renell|f|
Renelle|f|
Renie|f|
Rennie|f|
Reta|f|
Retha|f|
Revkah|f|
Rey|f|
Reyna|f|
Rhea|f|
Rheba|f|
Rheta|f|
Rhetta|f|
Rhiamon|f|
Rhianna|f|
Rhianon|f|
Rhoda|f|
Rhodia|f|
Rhodie|f|
Rhody|f|
Rhona|f|
Rhonda|f|
Riane|f|
Riannon|f|
Rianon|f|
Rica|f|
Ricca|f|
Rici|f|
Ricki|f|
Rickie|f|
Ricky|f|
Riki|f|
Rikki|f|
Rina|f|
Risa|f|
Rissa|f|
Rita|f|
Riva|f|
Rivalee|f|
Rivi|f|
Rivkah|f|
Rivy|f|
Roana|f|
Roanna|f|
Roanne|f|
Robbi|f|
Robbie|f|
Robbin|f|
Robby|f|
Robbyn|f|
Robena|f|
Robenia|f|
Roberta|f|
Robin|f|
Robina|f|
Robinet|f|
Robinett|f|
Robinetta|f|
Robinette|f|
Robinia|f|
Roby|f|
Robyn|f|
Roch|f|
Rochell|f|
Rochella|f|
Rochelle|f|
Rochette|f|
Roda|f|
Rodi|f|
Rodie|f|
Rodina|f|
Romola|f|
Romona|f|
Romonda|f|
Romy|f|
Rona|f|
Ronalda|f|
Ronda|f|
Ronica|f|
Ronna|f|
Ronni|f|
Ronnica|f|
Ronnie|f|
Ronny|f|
Roobbie|f|
Rora|f|
Rori|f|
Rorie|f|
Rory|f|
Ros|f|
Rosa|f|
Rosabel|f|
Rosabella|f|
Rosabelle|f|
Rosaleen|f|
Rosalia|f|
Rosalie|f|
Rosalind|f|
Rosalinda|f|
Rosalinde|f|
Rosaline|f|
Rosalyn|f|
Rosalynd|f|
Rosamond|f|
Rosamund|f|
Rosana|f|
Rosanna|f|
Rosanne|f|
Rosario|f|
Rose|f|
Roseann|f|
Roseanna|f|
Roseanne|f|
Roselia|f|
Roselin|f|
Roseline|f|
Rosella|f|
Roselle|f|
Roselyn|f|
Rosemaria|f|
Rosemarie|f|
Rosemary|f|
Rosemonde|f|
Rosene|f|
Rosetta|f|
Rosette|f|
Roshelle|f|
Rosie|f|
Rosina|f|
Rosita|f|
Roslyn|f|
Rosmunda|f|
Rosy|f|
Row|f|
Rowe|f|
Rowena|f|
Roxana|f|
Roxane|f|
Roxanna|f|
Roxanne|f|
Roxi|f|
Roxie|f|
Roxine|f|
Roxy|f|
Roz|f|
Rozalie|f|
Rozalin|f|
Rozamond|f|
Rozanna|f|
Rozanne|f|
Roze|f|
Rozele|f|
Rozella|f|
Rozelle|f|
Rozina|f|
Rubetta|f|
Rubi|f|
Rubia|f|
Rubie|f|
Rubina|f|
Ruby|f|
Ruella|f|
Ruperta|f|
Ruth|f|
Ruthann|f|
Ruthanne|f|
Ruthe|f|
Ruthi|f|
Ruthie|f|
Ruthy|f|
Ryann|f|
Rycca|f|
Saba|f|
Sabina|f|
Sabine|f|
Sabra|f|
Sabrina|f|
Sacha|f|
Sada|f|
Sadella|f|
Sadie|f|
Sal|f|
Sallee|f|
Salli|f|
Sallie|f|
Sally|f|
Sallyann|f|
Sallyanne|f|
Salome|f|
Sam|f|
Samantha|f|
Samara|f|
Samaria|f|
Sammy|f|
Samuela|f|
Samuella|f|
Sande|f|
Sandi|f|
Sandie|f|
Sandra|f|
Sandy|f|
Sandye|f|
Sapphira|f|
Sapphire|f|
Sara|f|
Sara-Ann|f|
Saraann|f|
Sarah|f|
Sarajane|f|
Saree|f|
Sarena|f|
Sarene|f|
Sarette|f|
Sari|f|
Sarina|f|
Sarine|f|
Sarita|f|
Sascha|f|
Sasha|f|
Sashenka|f|
Saudra|f|
Saundra|f|
Savina|f|
Sayre|f|
Scarlet|f|
Scarlett|f|
Scotty|f|
Sean|f|
Seana|f|
Secunda|f|
Seka|f|
Sela|f|
Selena|f|
Selene|f|
Selestina|f|
Selia|f|
Selie|f|
Selina|f|
Selinda|f|
Seline|f|
Sella|f|
Selle|f|
Selma|f|
Sena|f|
Sephira|f|
Serena|f|
Serene|f|
Shaina|f|
Shaine|f|
Shalna|f|
Shalne|f|
Shamit|f|
Shana|f|
Shanda|f|
Shandee|f|
Shandie|f|
Shandra|f|
Shandy|f|
Shane|f|
Shani|f|
Shanie|f|
Shanna|f|
Shannah|f|
Shannen|f|
Shannon|f|
Shanon|f|
Shanta|f|
Shantee|f|
Shara|f|
Sharai|f|
Shari|f|
Sharia|f|
Sharie|f|
Sharity|f|
Sharl|f|
Sharla|f|
Sharleen|f|
Sharlene|f|
Sharline|f|
Sharna|f|
Sharon|f|
Sharona|f|
Sharra|f|
Sharron|f|
Sharyl|f|
Shaun|f|
Shauna|f|
Shawn|f|
Shawna|f|
Shawnee|f|
Shay|f|
Shayla|f|
Shaylah|f|
Shaylyn|f|
Shaylynn|f|
Shayna|f|
Shayne|f|
Shea|f|
Sheba|f|
Sheela|f|
Sheelagh|f|
Sheelah|f|
Sheena|f|
Sheeree|f|
Sheila|f|
Sheila-Kathryn|f|
Sheilah|f|
Sheilakathryn|f|
Shel|f|
Shela|f|
Shelagh|f|
Shelba|f|
Shelbi|f|
Shelby|f|
Shelia|f|
Shell|f|
Shelley|f|
Shelli|f|
Shellie|f|
Shelly|f|
Shena|f|
Sher|f|
Sheree|f|
Sheri|f|
Sherie|f|
Sheril|f|
Sherill|f|
Sherilyn|f|
Sherline|f|
Sherri|f|
Sherrie|f|
Sherry|f|
Sherye|f|
Sheryl|f|
Shilpa|f|
Shina|f|
Shir|f|
Shira|f|
Shirah|f|
Shirl|f|
Shirlee|f|
Shirleen|f|
Shirlene|f|
Shirley|f|
Shirline|f|
Shoshana|f|
Shoshanna|f|
Shoshie|f|
Siana|f|
Sianna|f|
Sib|f|
Sibbie|f|
Sibby|f|
Sibeal|f|
Sibel|f|
Sibella|f|
Sibelle|f|
Sibilla|f|
Sibley|f|
Sibyl|f|
Sibylla|f|
Sibylle|f|
Sidoney|f|
Sidonia|f|
Sidonnie|f|
Sigrid|f|
Sile|f|
Sileas|f|
Silva|f|
Silvana|f|
Silvia|f|
Silvie|f|
Simona|f|
Simone|f|
Simonette|f|
Simonne|f|
Sindee|f|
Sinead|f|
Siobhan|f|
Sioux|f|
Siouxie|f|
Sisely|f|
Sisile|f|
Sissie|f|
Sissy|f|
Sofia|f|
Sofie|f|
Solange|f|
Sondra|f|
Sonia|f|
Sonja|f|
Sonni|f|
Sonnie|f|
Sonnnie|f|
Sonny|f|
Sonya|f|
Sophey|f|
Sophi|f|
Sophia|f|
Sophie|f|
Sophronia|f|
Sorcha|f|
Sosanna|f|
Stace|f|
Stacee|f|
Stacey|f|
Staci|f|
Stacia|f|
Stacie|f|
Stacy|f|
Stafani|f|
Star|f|
Starla|f|
Starlene|f|
Starlin|f|
Starr|f|
Stefa|f|
Stefania|f|
Stefanie|f|
Steffane|f|
Steffi|f|
Steffie|f|
Stella|f|
Stepha|f|
Stephana|f|
Stephani|f|
Stephanie|f|
Stephannie|f|
Stephenie|f|
Stephi|f|
Stephie|f|
Stephine|f|
Stesha|f|
Stevana|f|
Stevena|f|
Stoddard|f|
Storey|f|
Storm|f|
Stormi|f|
Stormie|f|
Stormy|f|
Sue|f|
Sue-elle|f|
Suellen|f|
Sukey|f|
Suki|f|
Sula|f|
Sunny|f|
Sunshine|f|
Susan|f|
Susana|f|
Susanetta|f|
Susann|f|
Susanna|f|
Susannah|f|
Susanne|f|
Susette|f|
Susi|f|
Susie|f|
Sussi|f|
Susy|f|
Suzan|f|
Suzann|f|
Suzanna|f|
Suzanne|f|
Suzetta|f|
Suzette|f|
Suzi|f|
Suzie|f|
Suzy|f|
Suzzy|f|
Sybil|f|
Sybila|f|
Sybilla|f|
Sybille|f|
Sybyl|f|
Sydel|f|
Sydelle|f|
Sydney|f|
Sylvia|f|
Sylvie|f|
Tabatha|f|
Tabbatha|f|
Tabbi|f|
Tabbie|f|
Tabbitha|f|
Tabby|f|
Tabina|f|
Tabitha|f|
Taffy|f|
Talia|f|
Tallia|f|
Tallie|f|
Tally|f|
Talya|f|
Talyah|f|
Tamar|f|
Tamara|f|
Tamarah|f|
Tamarra|f|
Tamera|f|
Tami|f|
Tamiko|f|
Tamma|f|
Tammara|f|
Tammi|f|
Tammie|f|
Tammy|f|
Tamra|f|
Tana|f|
Tandi|f|
Tandie|f|
Tandy|f|
Tani|f|
Tania|f|
Tansy|f|
Tanya|f|
Tara|f|
Tarah|f|
Tarra|f|
Tarrah|f|
Taryn|f|
Tasha|f|
Tasia|f|
Tate|f|
Tatiana|f|
Tatiania|f|
Tatum|f|
Tawnya|f|
Tawsha|f|
Teane|f|
Ted|f|
Tedda|f|
Teddi|f|
Teddie|f|
Teddy|f|
Tedi|f|
Tedra|f|
Teena|f|
Tella|f|
Teodora|f|
Tera|f|
Teresa|f|
TeresaAnne|f|
Terese|f|
Teresina|f|
Teresita|f|
Teressa|f|
Teri|f|
Teriann|f|
Terina|f|
Terra|f|
Terri|f|
Terri-Jo|f|
Terrianne|f|
Terrie|f|
Terry|f|
Terrye|f|
Tersina|f|
Teryl|f|
Terza|f|
Tess|f|
Tessa|f|
Tessi|f|
Tessie|f|
Tessy|f|
Thalia|f|
Thea|f|
Theada|f|
Theadora|f|
Theda|f|
Thekla|f|
Thelma|f|
Theo|f|
Theodora|f|
Theodosia|f|
Theresa|f|
Theresa-Marie|f|
Therese|f|
Theresina|f|
Theresita|f|
Theressa|f|
Therine|f|
Thia|f|
Thomasa|f|
Thomasin|f|
Thomasina|f|
Thomasine|f|
Tia|f|
Tiana|f|
Tiena|f|
Tierney|f|
Tiertza|f|
Tiff|f|
Tiffani|f|
Tiffanie|f|
Tiffany|f|
Tiffi|f|
Tiffie|f|
Tiffy|f|
Tilda|f|
Tildi|f|
Tildie|f|
Tildy|f|
Tillie|f|
Tilly|f|
Tim|f|
Timi|f|
Timmi|f|
Timmie|f|
Timmy|f|
Timothea|f|
Tina|f|
Tine|f|
Tiphani|f|
Tiphanie|f|
Tiphany|f|
Tish|f|
Tisha|f|
Tobe|f|
Tobey|f|
Tobi|f|
Tobie|f|
Toby|f|
Tobye|f|
Toinette|f|
Toma|f|
Tomasina|f|
Tomasine|f|
Tomi|f|
Tomiko|f|
Tommi|f|
Tommie|f|
Tommy|f|
Toni|f|
Tonia|f|
Tonie|f|
Tony|f|
Tonya|f|
Tootsie|f|
Torey|f|
Tori|f|
Torie|f|
Torrie|f|
Tory|f|
Tova|f|
Tove|f|
Trace|f|
Tracee|f|
Tracey|f|
Traci|f|
Tracie|f|
Tracy|f|
Trenna|f|
Tresa|f|
Trescha|f|
Tressa|f|
Tricia|f|
Trina|f|
Trish|f|
Trisha|f|
Trista|f|
Trix|f|
Trixi|f|
Trixie|f|
Trixy|f|
Truda|f|
Trude|f|
Trudey|f|
Trudi|f|
Trudie|f|
Trudy|f|
Trula|f|
Tuesday|f|
Twila|f|
Twyla|f|
Tybi|f|
Tybie|f|
Tyne|f|
Ula|f|
Ulla|f|
Ulrica|f|
Ulrika|f|
Ulrike|f|
Umeko|f|
Una|f|
Ursa|f|
Ursala|f|
Ursola|f|
Ursula|f|
Ursulina|f|
Ursuline|f|
Uta|f|
Val|f|
Valaree|f|
Valaria|f|
Vale|f|
Valeda|f|
Valencia|f|
Valene|f|
Valenka|f|
Valentia|f|
Valentina|f|
Valentine|f|
Valera|f|
Valeria|f|
Valerie|f|
Valery|f|
Valerye|f|
Valida|f|
Valina|f|
Valli|f|
Vallie|f|
Vally|f|
Valma|f|
Valry|f|
Van|f|
Vanda|f|
Vanessa|f|
Vania|f|
Vanna|f|
Vanni|f|
Vannie|f|
Vanny|f|
Vanya|f|
Veda|f|
Velma|f|
Velvet|f|
Vena|f|
Venita|f|
Ventura|f|
Venus|f|
Vera|f|
Veradis|f|
Vere|f|
Verena|f|
Verene|f|
Veriee|f|
Verile|f|
Verina|f|
Verine|f|
Verla|f|
Verna|f|
Vernice|f|
Veronica|f|
Veronika|f|
Veronike|f|
Veronique|f|
Vi|f|
Vicki|f|
Vickie|f|
Vicky|f|
Victoria|f|
Vida|f|
Viki|f|
Vikki|f|
Vikkie|f|
Vikky|f|
Vilhelmina|f|
Vilma|f|
Vin|f|
Vina|f|
Vinita|f|
Vinni|f|
Vinnie|f|
Vinny|f|
Viola|f|
Violante|f|
Viole|f|
Violet|f|
Violetta|f|
Violette|f|
Virgie|f|
Virgina|f|
Virginia|f|
Virginie|f|
Vita|f|
Vitia|f|
Vitoria|f|
Vittoria|f|
Viv|f|
Viva|f|
Vivi|f|
Vivia|f|
Vivian|f|
Viviana|f|
Vivianna|f|
Vivianne|f|
Vivie|f|
Vivien|f|
Viviene|f|
Vivienne|f|
Viviyan|f|
Vivyan|f|
Vivyanne|f|
Vonni|f|
Vonnie|f|
Vonny|f|
Wallie|f|
Wallis|f|
Wally|f|
Waly|f|
Wanda|f|
Wandie|f|
Wandis|f|
Waneta|f|
Wenda|f|
Wendeline|f|
Wendi|f|
Wendie|f|
Wendy|f|
Wenona|f|
Wenonah|f|
Whitney|f|
Wileen|f|
Wilhelmina|f|
Wilhelmine|f|
Wilie|f|
Willa|f|
Willabella|f|
Willamina|f|
Willetta|f|
Willette|f|
Willi|f|
Willie|f|
Willow|f|
Willy|f|
Willyt|f|
Wilma|f|
Wilmette|f|
Wilona|f|
Wilone|f|
Wilow|f|
Windy|f|
Wini|f|
Winifred|f|
Winna|f|
Winnah|f|
Winne|f|
Winni|f|
Winnie|f|
Winnifred|f|
Winny|f|
Winona|f|
Winonah|f|
Wren|f|
Wrennie|f|
Wylma|f|
Wynn|f|
Wynne|f|
Wynnie|f|
Wynny|f|
Xaviera|f|
Xena|f|
Xenia|f|
Xylia|f|
Xylina|f|
Yalonda|f|
Yehudit|f|
Yelena|f|
Yetta|f|
Yettie|f|
Yetty|f|
Yevette|f|
Yoko|f|
Yolanda|f|
Yolande|f|
Yolane|f|
Yolanthe|f|
Yonina|f|
Yoshi|f|
Yoshiko|f|
Yovonnda|f|
Yvette|f|
Yvonne|f|
Zabrina|f|
Zahara|f|
Zandra|f|
Zaneta|f|
Zara|f|
Zarah|f|
Zaria|f|
Zarla|f|
Zea|f|
Zelda|f|
Zelma|f|
Zena|f|
Zenia|f|
Zia|f|
Zilvia|f|
Zita|f|
Zitella|f|
Zoe|f|
Zola|f|
Zonda|f|
Zondra|f|
Zonnya|f|
Zora|f|
Zorah|f|
Zorana|f|
Zorina|f|
Zorine|f|
Zsa Zsa|f|
Zsazsa|f|
Zulema|f|
Zuzana|f|
Mikako|f|
Kaari|f|
Gita|f|
Geeta|f|
